{"user_name":"cqq","total_number":"0","pre_gen_focus":[{"focus_id":[0,1,2,3,4,5,6,7,8,9,10,11,12,13,14,15,16,17,18,19,20,21,22,23,24,25,26,27,28,29,30],"compare_id":[31],"type":"cluster"},{"focus_id":[31],"compare_id":[0,1,2,3,4,5,6,7,8,9,10,11,12,13,14,15,16,17,18,19,20,21,22,23,24,25,26,27,28,29,30],"type":"outlier"}],"sentences":[{"focus_id":[0,1,2,3,4,5,6,7,8,9,10,11,12,13,14,15,16,17,18,19,20,21,22,23,24,25,26,27,28,29,30],"compare_id":[31],"type":"cluster","sentence":"cluster"},{"focus_id":[31],"compare_id":[0,1,2,3,4,5,6,7,8,9,10,11,12,13,14,15,16,17,18,19,20,21,22,23,24,25,26,27,28,29,30],"type":"outlier","sentence":"outlier"}],"data":{"title":"The Relation of GDP Growth and Electric Energy Consumption","unit":"billion","data_array":[{"q0":6.384056465531922,"q1":5.456399988296618,"c0":0,"id":0},{"q0":7.257643095796692,"q1":5.378731750655044,"c0":0,"id":1},{"q0":6.065818661626984,"q1":5.04218845240773,"c0":0,"id":2},{"q0":6.64706426711564,"q1":5.281547589453574,"c0":0,"id":3},{"q0":6.454382769756743,"q1":4.582267761691229,"c0":0,"id":4},{"q0":6.285517814440555,"q1":4.8540988616508915,"c0":0,"id":5},{"q0":7.296431209020113,"q1":5.620611116548792,"c0":0,"id":6},{"q0":6.6497205824595085,"q1":5.765363981445212,"c0":0,"id":7},{"q0":7.4981029195120845,"q1":5.012911674990846,"c0":0,"id":8},{"q0":7.202261169294129,"q1":5.5185142207294025,"c0":0,"id":9},{"q0":5.988567658559067,"q1":5.347535779283015,"c0":0,"id":10},{"q0":7.364575274405605,"q1":5.409944002475002,"c0":0,"id":11},{"q0":5.592490496805592,"q1":4.738152816927439,"c0":0,"id":12},{"q0":5.314074248197683,"q1":5.010886856313645,"c0":0,"id":13},{"q0":5.405090719643361,"q1":4.662450641873127,"c0":0,"id":14},{"q0":7.034876204150835,"q1":5.302323940532682,"c0":0,"id":15},{"q0":6.932728013658247,"q1":4.830613239401338,"c0":0,"id":16},{"q0":7.293824796968665,"q1":5.613691068671625,"c0":0,"id":17},{"q0":5.252736221593225,"q1":4.593586212813783,"c0":0,"id":18},{"q0":6.224107471097807,"q1":4.689893741087682,"c0":0,"id":19},{"q0":6.679881638271931,"q1":4.587997643544313,"c0":0,"id":20},{"q0":6.584549059332271,"q1":4.726384512945775,"c0":0,"id":21},{"q0":7.032232385485056,"q1":5.199339970815165,"c0":0,"id":22},{"q0":5.68086962442647,"q1":5.289426255012889,"c0":0,"id":23},{"q0":6.1372449768407575,"q1":5.420447321517636,"c0":0,"id":24},{"q0":7.4468273444137605,"q1":4.690581137815388,"c0":0,"id":25},{"q0":6.029605012283187,"q1":4.637216414891904,"c0":0,"id":26},{"q0":5.706606657753839,"q1":5.520468096497677,"c0":0,"id":27},{"q0":5.639743376145489,"q1":5.466287969074794,"c0":0,"id":28},{"q0":7.041918469784264,"q1":5.133474900011141,"c0":0,"id":29},{"q0":6.047648856217349,"q1":4.979203779828536,"c0":0,"id":30},{"q0":1.3173734335924099,"q1":7.625943937072463,"c0":0,"id":31}],"co":["Japan"],"type":"cqq","color":["#fb8072"],"vis_type":"load_scatter_plot","major_name":"q0","second_name":"q1","major_dim":"q0","second_dim":"q1","unit1":"GDP Growth / %","unit2":"Electric Energy Consumption / TWh","svg_string":"\n          <h5 id=\"chart-title\" class=\"text-center mb-0\"></h5>\n          <svg id=\"mySvg\" viewBox=\"0 0 800 660\" preserveAspectRatio=\"xMidYMid meet\" height=\"776\" width=\"1002.25\">\n            <defs>\n            <filter id=\"blue-shadow\">\n            <feDropShadow dx=\"3\" dy=\"3\" stdDeviation=\"3\" flood-color=\"#0080e0\" flood-opacity=\"50%\"></feDropShadow>\n            </filter>\n            </defs>\n\n            <defs>\n            <filter id=\"red-shadow\">\n            <feDropShadow dx=\"3\" dy=\"3\" stdDeviation=\"3\" flood-color=\"#fa1919\" flood-opacity=\"50%\"></feDropShadow>\n            </filter>\n            </defs>\n\n            <defs>\n            <filter id=\"ordinary-shadow\">\n            <feDropShadow dx=\"2.5\" dy=\"3\" stdDeviation=\"1\" flood-color=\"grey\" flood-opacity=\"50%\"></feDropShadow>\n            </filter>\n            </defs>\n          <g transform=\"translate(80,66)\"><g class=\"brush\"></g><g class=\"axis axis--x\" transform=\"translate(0,528)\" fill=\"none\" font-size=\"10\" font-family=\"sans-serif\" text-anchor=\"middle\"><path class=\"domain\" stroke=\"#000\" d=\"M0.5,6V0.5H640.5V6\"></path><g class=\"tick\" opacity=\"1\" transform=\"translate(53.5,0)\"><line stroke=\"#000\" y2=\"6\"></line><text fill=\"#000\" y=\"9\" dy=\"0.71em\">1</text></g><g class=\"tick\" opacity=\"1\" transform=\"translate(132.5,0)\"><line stroke=\"#000\" y2=\"6\"></line><text fill=\"#000\" y=\"9\" dy=\"0.71em\">2</text></g><g class=\"tick\" opacity=\"1\" transform=\"translate(210.5,0)\"><line stroke=\"#000\" y2=\"6\"></line><text fill=\"#000\" y=\"9\" dy=\"0.71em\">3</text></g><g class=\"tick\" opacity=\"1\" transform=\"translate(288.5,0)\"><line stroke=\"#000\" y2=\"6\"></line><text fill=\"#000\" y=\"9\" dy=\"0.71em\">4</text></g><g class=\"tick\" opacity=\"1\" transform=\"translate(366.5,0)\"><line stroke=\"#000\" y2=\"6\"></line><text fill=\"#000\" y=\"9\" dy=\"0.71em\">5</text></g><g class=\"tick\" opacity=\"1\" transform=\"translate(445.5,0)\"><line stroke=\"#000\" y2=\"6\"></line><text fill=\"#000\" y=\"9\" dy=\"0.71em\">6</text></g><g class=\"tick\" opacity=\"1\" transform=\"translate(523.5,0)\"><line stroke=\"#000\" y2=\"6\"></line><text fill=\"#000\" y=\"9\" dy=\"0.71em\">7</text></g><g class=\"tick\" opacity=\"1\" transform=\"translate(601.5,0)\"><line stroke=\"#000\" y2=\"6\"></line><text fill=\"#000\" y=\"9\" dy=\"0.71em\">8</text></g><text transform=\"translate(640,0)\" dy=\"-0.2rem\" text-anchor=\"end\" class=\"text-truncate\" font-size=\"12px\" style=\"stroke: black;\">GDP Growth / %</text></g><g class=\"axis axis--y\" fill=\"none\" font-size=\"10\" font-family=\"sans-serif\" text-anchor=\"end\"><path class=\"domain\" stroke=\"#000\" d=\"M-6,528.5H0.5V0.5H-6\"></path><g class=\"tick\" opacity=\"1\" transform=\"translate(0,484.5)\"><line stroke=\"#000\" x2=\"-6\"></line><text fill=\"#000\" x=\"-9\" dy=\"0.32em\">4.0</text></g><g class=\"tick\" opacity=\"1\" transform=\"translate(0,432.5)\"><line stroke=\"#000\" x2=\"-6\"></line><text fill=\"#000\" x=\"-9\" dy=\"0.32em\">4.5</text></g><g class=\"tick\" opacity=\"1\" transform=\"translate(0,380.5)\"><line stroke=\"#000\" x2=\"-6\"></line><text fill=\"#000\" x=\"-9\" dy=\"0.32em\">5.0</text></g><g class=\"tick\" opacity=\"1\" transform=\"translate(0,327.5)\"><line stroke=\"#000\" x2=\"-6\"></line><text fill=\"#000\" x=\"-9\" dy=\"0.32em\">5.5</text></g><g class=\"tick\" opacity=\"1\" transform=\"translate(0,275.5)\"><line stroke=\"#000\" x2=\"-6\"></line><text fill=\"#000\" x=\"-9\" dy=\"0.32em\">6.0</text></g><g class=\"tick\" opacity=\"1\" transform=\"translate(0,223.5)\"><line stroke=\"#000\" x2=\"-6\"></line><text fill=\"#000\" x=\"-9\" dy=\"0.32em\">6.5</text></g><g class=\"tick\" opacity=\"1\" transform=\"translate(0,170.5)\"><line stroke=\"#000\" x2=\"-6\"></line><text fill=\"#000\" x=\"-9\" dy=\"0.32em\">7.0</text></g><g class=\"tick\" opacity=\"1\" transform=\"translate(0,118.5)\"><line stroke=\"#000\" x2=\"-6\"></line><text fill=\"#000\" x=\"-9\" dy=\"0.32em\">7.5</text></g><g class=\"tick\" opacity=\"1\" transform=\"translate(0,66.5)\"><line stroke=\"#000\" x2=\"-6\"></line><text fill=\"#000\" x=\"-9\" dy=\"0.32em\">8.0</text></g><g class=\"tick\" opacity=\"1\" transform=\"translate(0,13.5)\"><line stroke=\"#000\" x2=\"-6\"></line><text fill=\"#000\" x=\"-9\" dy=\"0.32em\">8.5</text></g><text transform=\"rotate(-90)\" y=\"6\" dy=\"0.71em\" text-anchor=\"end\" font-size=\"12px\" style=\"stroke: black;\">Electric Energy Consumption / TWh</text></g><circle class=\"circle elements ordinary\" id=\"0\" q1=\"5.456399988296618\" q0=\"6.384056465531922\" cx=\"475\" cy=\"332\" r=\"0.5vh\" alpha=\"0.5\"></circle><circle class=\"circle elements ordinary\" id=\"1\" q1=\"5.378731750655044\" q0=\"7.257643095796692\" cx=\"543\" cy=\"340\" r=\"0.5vh\" alpha=\"0.5\"></circle><circle class=\"circle elements ordinary\" id=\"2\" q1=\"5.04218845240773\" q0=\"6.065818661626984\" cx=\"450\" cy=\"375\" r=\"0.5vh\" alpha=\"0.5\"></circle><circle class=\"circle elements ordinary\" id=\"3\" q1=\"5.281547589453574\" q0=\"6.64706426711564\" cx=\"495\" cy=\"350\" r=\"0.5vh\" alpha=\"0.5\"></circle><circle class=\"circle elements ordinary\" id=\"4\" q1=\"4.582267761691229\" q0=\"6.454382769756743\" cx=\"480\" cy=\"423\" r=\"0.5vh\" alpha=\"0.5\"></circle><circle class=\"circle elements ordinary\" id=\"5\" q1=\"4.8540988616508915\" q0=\"6.285517814440555\" cx=\"467\" cy=\"395\" r=\"0.5vh\" alpha=\"0.5\"></circle><circle class=\"circle elements ordinary\" id=\"6\" q1=\"5.620611116548792\" q0=\"7.296431209020113\" cx=\"546\" cy=\"315\" r=\"0.5vh\" alpha=\"0.5\"></circle><circle class=\"circle elements ordinary\" id=\"7\" q1=\"5.765363981445212\" q0=\"6.6497205824595085\" cx=\"495\" cy=\"299\" r=\"0.5vh\" alpha=\"0.5\"></circle><circle class=\"circle elements ordinary\" id=\"8\" q1=\"5.012911674990846\" q0=\"7.4981029195120845\" cx=\"562\" cy=\"378\" r=\"0.5vh\" alpha=\"0.5\"></circle><circle class=\"circle elements ordinary\" id=\"9\" q1=\"5.5185142207294025\" q0=\"7.202261169294129\" cx=\"539\" cy=\"325\" r=\"0.5vh\" alpha=\"0.5\"></circle><circle class=\"circle elements ordinary\" id=\"10\" q1=\"5.347535779283015\" q0=\"5.988567658559067\" cx=\"444\" cy=\"343\" r=\"0.5vh\" alpha=\"0.5\"></circle><circle class=\"circle elements ordinary\" id=\"11\" q1=\"5.409944002475002\" q0=\"7.364575274405605\" cx=\"551\" cy=\"337\" r=\"0.5vh\" alpha=\"0.5\"></circle><circle class=\"circle elements ordinary\" id=\"12\" q1=\"4.738152816927439\" q0=\"5.592490496805592\" cx=\"413\" cy=\"407\" r=\"0.5vh\" alpha=\"0.5\"></circle><circle class=\"circle elements ordinary\" id=\"13\" q1=\"5.010886856313645\" q0=\"5.314074248197683\" cx=\"391\" cy=\"378\" r=\"0.5vh\" alpha=\"0.5\"></circle><circle class=\"circle elements ordinary\" id=\"14\" q1=\"4.662450641873127\" q0=\"5.405090719643361\" cx=\"398\" cy=\"415\" r=\"0.5vh\" alpha=\"0.5\"></circle><circle class=\"circle elements ordinary\" id=\"15\" q1=\"5.302323940532682\" q0=\"7.034876204150835\" cx=\"526\" cy=\"348\" r=\"0.5vh\" alpha=\"0.5\"></circle><circle class=\"circle elements ordinary\" id=\"16\" q1=\"4.830613239401338\" q0=\"6.932728013658247\" cx=\"518\" cy=\"397\" r=\"0.5vh\" alpha=\"0.5\"></circle><circle class=\"circle elements ordinary\" id=\"17\" q1=\"5.613691068671625\" q0=\"7.293824796968665\" cx=\"546\" cy=\"315\" r=\"0.5vh\" alpha=\"0.5\"></circle><circle class=\"circle elements ordinary\" id=\"18\" q1=\"4.593586212813783\" q0=\"5.252736221593225\" cx=\"386\" cy=\"422\" r=\"0.5vh\" alpha=\"0.5\"></circle><circle class=\"circle elements ordinary\" id=\"19\" q1=\"4.689893741087682\" q0=\"6.224107471097807\" cx=\"462\" cy=\"412\" r=\"0.5vh\" alpha=\"0.5\"></circle><circle class=\"circle elements ordinary\" id=\"20\" q1=\"4.587997643544313\" q0=\"6.679881638271931\" cx=\"498\" cy=\"423\" r=\"0.5vh\" alpha=\"0.5\"></circle><circle class=\"circle elements ordinary\" id=\"21\" q1=\"4.726384512945775\" q0=\"6.584549059332271\" cx=\"490\" cy=\"408\" r=\"0.5vh\" alpha=\"0.5\"></circle><circle class=\"circle elements ordinary\" id=\"22\" q1=\"5.199339970815165\" q0=\"7.032232385485056\" cx=\"525\" cy=\"359\" r=\"0.5vh\" alpha=\"0.5\"></circle><circle class=\"circle elements ordinary\" id=\"23\" q1=\"5.289426255012889\" q0=\"5.68086962442647\" cx=\"420\" cy=\"349\" r=\"0.5vh\" alpha=\"0.5\"></circle><circle class=\"circle elements ordinary\" id=\"24\" q1=\"5.420447321517636\" q0=\"6.1372449768407575\" cx=\"455\" cy=\"336\" r=\"0.5vh\" alpha=\"0.5\"></circle><circle class=\"circle elements ordinary\" id=\"25\" q1=\"4.690581137815388\" q0=\"7.4468273444137605\" cx=\"558\" cy=\"412\" r=\"0.5vh\" alpha=\"0.5\"></circle><circle class=\"circle elements ordinary\" id=\"26\" q1=\"4.637216414891904\" q0=\"6.029605012283187\" cx=\"447\" cy=\"418\" r=\"0.5vh\" alpha=\"0.5\"></circle><circle class=\"circle elements ordinary\" id=\"27\" q1=\"5.520468096497677\" q0=\"5.706606657753839\" cx=\"422\" cy=\"325\" r=\"0.5vh\" alpha=\"0.5\"></circle><circle class=\"circle elements ordinary\" id=\"28\" q1=\"5.466287969074794\" q0=\"5.639743376145489\" cx=\"416\" cy=\"331\" r=\"0.5vh\" alpha=\"0.5\"></circle><circle class=\"circle elements ordinary\" id=\"29\" q1=\"5.133474900011141\" q0=\"7.041918469784264\" cx=\"526\" cy=\"366\" r=\"0.5vh\" alpha=\"0.5\"></circle><circle class=\"circle elements ordinary\" id=\"30\" q1=\"4.979203779828536\" q0=\"6.047648856217349\" cx=\"448\" cy=\"382\" r=\"0.5vh\" alpha=\"0.5\"></circle><circle class=\"circle elements ordinary\" id=\"31\" q1=\"7.625943937072463\" q0=\"1.3173734335924099\" cx=\"78\" cy=\"105\" r=\"0.5vh\" alpha=\"0.5\"></circle><text class=\"title\" text-anchor=\"middle\" font-size=\"23.759999999999998\" x=\"320\" y=\"-31.68\">The Relation of GDP Growth and Electric Energy Consumption</text></g></svg>\n\n        "}}