{"user_name":"cqq","total_number":"0","pre_gen_focus":[{"focus_id":[0,1,2,3,4,5,6,7,8,9,10,11,12,13,14,15,16,17,18,19,20,21,22,23,24,25,26,27,28,29,30,31,32],"compare_id":[33,34],"type":"cluster"},{"focus_id":[33,34],"compare_id":[0,1,2,3,4,5,6,7,8,9,10,11,12,13,14,15,16,17,18,19,20,21,22,23,24,25,26,27,28,29,30,31,32],"type":"outlier"}],"sentences":[{"focus_id":[0,1,2,3,4,5,6,7,8,9,10,11,12,13,14,15,16,17,18,19,20,21,22,23,24,25,26,27,28,29,30,31,32],"compare_id":[33,34],"type":"cluster","sentence":"cluster"},{"focus_id":[33,34],"compare_id":[0,1,2,3,4,5,6,7,8,9,10,11,12,13,14,15,16,17,18,19,20,21,22,23,24,25,26,27,28,29,30,31,32],"type":"outlier","sentence":"outlier"}],"data":{"title":"The Relation of GDP and Electric Energy Consumption","unit":"billion","data_array":[{"q0":5.5301509640028526,"q1":4.420324698172297,"c0":0,"id":0},{"q0":6.9180270800739265,"q1":5.276586491469801,"c0":0,"id":1},{"q0":5.432181759379559,"q1":4.910582127404228,"c0":0,"id":2},{"q0":4.168898240679067,"q1":5.29350085737758,"c0":0,"id":3},{"q0":4.563527463112209,"q1":5.520681088679067,"c0":0,"id":4},{"q0":4.838382534768284,"q1":5.283779504561561,"c0":0,"id":5},{"q0":6.450975491023858,"q1":4.900500981166379,"c0":0,"id":6},{"q0":5.279495537849749,"q1":4.773658020924162,"c0":0,"id":7},{"q0":5.909365488721068,"q1":5.294587366435662,"c0":0,"id":8},{"q0":5.673058096212494,"q1":5.107706449940794,"c0":0,"id":9},{"q0":4.628815894016913,"q1":5.648231315799849,"c0":0,"id":10},{"q0":5.584034549925502,"q1":5.72092844174944,"c0":0,"id":11},{"q0":5.580787945606219,"q1":5.748651952664096,"c0":0,"id":12},{"q0":5.479476592133799,"q1":4.42761488437921,"c0":0,"id":13},{"q0":5.760382953575741,"q1":5.017556791631736,"c0":0,"id":14},{"q0":4.797525098508029,"q1":4.8449119101486735,"c0":0,"id":15},{"q0":5.530656823504,"q1":4.386687507122331,"c0":0,"id":16},{"q0":5.4199972515362775,"q1":4.469560481564449,"c0":0,"id":17},{"q0":5.051737817591652,"q1":4.918694227747932,"c0":0,"id":18},{"q0":5.459660233455255,"q1":4.629262063449967,"c0":0,"id":19},{"q0":5.392134184357791,"q1":4.466665308225782,"c0":0,"id":20},{"q0":6.1733381669127025,"q1":4.6297223483377286,"c0":0,"id":21},{"q0":6.319788406515528,"q1":4.550333765116768,"c0":0,"id":22},{"q0":3.9788586791173763,"q1":5.018887335482662,"c0":0,"id":23},{"q0":6.520991336022339,"q1":4.52797833525174,"c0":0,"id":24},{"q0":5.912742707220481,"q1":4.741442240408771,"c0":0,"id":25},{"q0":5.764199430597981,"q1":5.121445710911601,"c0":0,"id":26},{"q0":5.61822023380477,"q1":5.558297999998562,"c0":0,"id":27},{"q0":6.332857643123974,"q1":5.178415999900115,"c0":0,"id":28},{"q0":4.216669957364528,"q1":5.2939158268604745,"c0":0,"id":29},{"q0":5.320885914062723,"q1":4.6997620733990315,"c0":0,"id":30},{"q0":5.616057340253859,"q1":5.1097879436693265,"c0":0,"id":31},{"q0":5.2839804059463935,"q1":4.584641274451092,"c0":0,"id":32},{"q0":1.613212352671055,"q1":9.626172430934059,"c0":0,"id":33},{"q0":1.5848928366767707,"q1":9.735142674629872,"c0":0,"id":34}],"co":["Japan"],"type":"cqq","color":["#fb8072"],"vis_type":"load_scatter_plot","major_name":"q0","second_name":"q1","major_dim":"q0","second_dim":"q1","unit1":"GDP / Billion","unit2":"Electric Energy Consumption / TWh","svg_string":"\n          <h5 id=\"chart-title\" class=\"text-center mb-0\"></h5>\n          <svg id=\"mySvg\" viewBox=\"0 0 800 660\" preserveAspectRatio=\"xMidYMid meet\" height=\"776\" width=\"1002.25\">\n            <defs>\n            <filter id=\"blue-shadow\">\n            <feDropShadow dx=\"3\" dy=\"3\" stdDeviation=\"3\" flood-color=\"#0080e0\" flood-opacity=\"50%\"></feDropShadow>\n            </filter>\n            </defs>\n\n            <defs>\n            <filter id=\"red-shadow\">\n            <feDropShadow dx=\"3\" dy=\"3\" stdDeviation=\"3\" flood-color=\"#fa1919\" flood-opacity=\"50%\"></feDropShadow>\n            </filter>\n            </defs>\n\n            <defs>\n            <filter id=\"ordinary-shadow\">\n            <feDropShadow dx=\"2.5\" dy=\"3\" stdDeviation=\"1\" flood-color=\"grey\" flood-opacity=\"50%\"></feDropShadow>\n            </filter>\n            </defs>\n          <g transform=\"translate(80,66)\"><g class=\"brush\"></g><g class=\"axis axis--x\" transform=\"translate(0,528)\" fill=\"none\" font-size=\"10\" font-family=\"sans-serif\" text-anchor=\"middle\"><path class=\"domain\" stroke=\"#000\" d=\"M0.5,6V0.5H640.5V6\"></path><g class=\"tick\" opacity=\"1\" transform=\"translate(36.5,0)\"><line stroke=\"#000\" y2=\"6\"></line><text fill=\"#000\" y=\"9\" dy=\"0.71em\">1</text></g><g class=\"tick\" opacity=\"1\" transform=\"translate(124.5,0)\"><line stroke=\"#000\" y2=\"6\"></line><text fill=\"#000\" y=\"9\" dy=\"0.71em\">2</text></g><g class=\"tick\" opacity=\"1\" transform=\"translate(211.5,0)\"><line stroke=\"#000\" y2=\"6\"></line><text fill=\"#000\" y=\"9\" dy=\"0.71em\">3</text></g><g class=\"tick\" opacity=\"1\" transform=\"translate(298.5,0)\"><line stroke=\"#000\" y2=\"6\"></line><text fill=\"#000\" y=\"9\" dy=\"0.71em\">4</text></g><g class=\"tick\" opacity=\"1\" transform=\"translate(385.5,0)\"><line stroke=\"#000\" y2=\"6\"></line><text fill=\"#000\" y=\"9\" dy=\"0.71em\">5</text></g><g class=\"tick\" opacity=\"1\" transform=\"translate(473.5,0)\"><line stroke=\"#000\" y2=\"6\"></line><text fill=\"#000\" y=\"9\" dy=\"0.71em\">6</text></g><g class=\"tick\" opacity=\"1\" transform=\"translate(560.5,0)\"><line stroke=\"#000\" y2=\"6\"></line><text fill=\"#000\" y=\"9\" dy=\"0.71em\">7</text></g><text transform=\"translate(640,0)\" dy=\"-0.2rem\" text-anchor=\"end\" class=\"text-truncate\" font-size=\"12px\" style=\"stroke: black;\">GDP / Billion</text></g><g class=\"axis axis--y\" fill=\"none\" font-size=\"10\" font-family=\"sans-serif\" text-anchor=\"end\"><path class=\"domain\" stroke=\"#000\" d=\"M-6,528.5H0.5V0.5H-6\"></path><g class=\"tick\" opacity=\"1\" transform=\"translate(0,484.5)\"><line stroke=\"#000\" x2=\"-6\"></line><text fill=\"#000\" x=\"-9\" dy=\"0.32em\">4</text></g><g class=\"tick\" opacity=\"1\" transform=\"translate(0,412.5)\"><line stroke=\"#000\" x2=\"-6\"></line><text fill=\"#000\" x=\"-9\" dy=\"0.32em\">5</text></g><g class=\"tick\" opacity=\"1\" transform=\"translate(0,340.5)\"><line stroke=\"#000\" x2=\"-6\"></line><text fill=\"#000\" x=\"-9\" dy=\"0.32em\">6</text></g><g class=\"tick\" opacity=\"1\" transform=\"translate(0,268.5)\"><line stroke=\"#000\" x2=\"-6\"></line><text fill=\"#000\" x=\"-9\" dy=\"0.32em\">7</text></g><g class=\"tick\" opacity=\"1\" transform=\"translate(0,197.5)\"><line stroke=\"#000\" x2=\"-6\"></line><text fill=\"#000\" x=\"-9\" dy=\"0.32em\">8</text></g><g class=\"tick\" opacity=\"1\" transform=\"translate(0,125.5)\"><line stroke=\"#000\" x2=\"-6\"></line><text fill=\"#000\" x=\"-9\" dy=\"0.32em\">9</text></g><g class=\"tick\" opacity=\"1\" transform=\"translate(0,53.5)\"><line stroke=\"#000\" x2=\"-6\"></line><text fill=\"#000\" x=\"-9\" dy=\"0.32em\">10</text></g><text transform=\"rotate(-90)\" y=\"6\" dy=\"0.71em\" text-anchor=\"end\" font-size=\"12px\" style=\"stroke: black;\">Electric Energy Consumption / TWh</text></g><circle class=\"circle elements ordinary\" id=\"0\" q1=\"4.420324698172297\" q0=\"5.5301509640028526\" cx=\"432\" cy=\"454\" r=\"0.5vh\" alpha=\"0.5\"></circle><circle class=\"circle elements ordinary\" id=\"1\" q1=\"5.276586491469801\" q0=\"6.9180270800739265\" cx=\"553\" cy=\"392\" r=\"0.5vh\" alpha=\"0.5\"></circle><circle class=\"circle elements ordinary\" id=\"2\" q1=\"4.910582127404228\" q0=\"5.432181759379559\" cx=\"423\" cy=\"419\" r=\"0.5vh\" alpha=\"0.5\"></circle><circle class=\"circle elements ordinary\" id=\"3\" q1=\"5.29350085737758\" q0=\"4.168898240679067\" cx=\"313\" cy=\"391\" r=\"0.5vh\" alpha=\"0.5\"></circle><circle class=\"circle elements ordinary\" id=\"4\" q1=\"5.520681088679067\" q0=\"4.563527463112209\" cx=\"347\" cy=\"375\" r=\"0.5vh\" alpha=\"0.5\"></circle><circle class=\"circle elements ordinary\" id=\"5\" q1=\"5.283779504561561\" q0=\"4.838382534768284\" cx=\"371\" cy=\"392\" r=\"0.5vh\" alpha=\"0.5\"></circle><circle class=\"circle elements ordinary\" id=\"6\" q1=\"4.900500981166379\" q0=\"6.450975491023858\" cx=\"512\" cy=\"419\" r=\"0.5vh\" alpha=\"0.5\"></circle><circle class=\"circle elements ordinary\" id=\"7\" q1=\"4.773658020924162\" q0=\"5.279495537849749\" cx=\"410\" cy=\"428\" r=\"0.5vh\" alpha=\"0.5\"></circle><circle class=\"circle elements ordinary\" id=\"8\" q1=\"5.294587366435662\" q0=\"5.909365488721068\" cx=\"465\" cy=\"391\" r=\"0.5vh\" alpha=\"0.5\"></circle><circle class=\"circle elements ordinary\" id=\"9\" q1=\"5.107706449940794\" q0=\"5.673058096212494\" cx=\"444\" cy=\"404\" r=\"0.5vh\" alpha=\"0.5\"></circle><circle class=\"circle elements ordinary\" id=\"10\" q1=\"5.648231315799849\" q0=\"4.628815894016913\" cx=\"353\" cy=\"366\" r=\"0.5vh\" alpha=\"0.5\"></circle><circle class=\"circle elements ordinary\" id=\"11\" q1=\"5.72092844174944\" q0=\"5.584034549925502\" cx=\"436\" cy=\"360\" r=\"0.5vh\" alpha=\"0.5\"></circle><circle class=\"circle elements ordinary\" id=\"12\" q1=\"5.748651952664096\" q0=\"5.580787945606219\" cx=\"436\" cy=\"358\" r=\"0.5vh\" alpha=\"0.5\"></circle><circle class=\"circle elements ordinary\" id=\"13\" q1=\"4.42761488437921\" q0=\"5.479476592133799\" cx=\"427\" cy=\"453\" r=\"0.5vh\" alpha=\"0.5\"></circle><circle class=\"circle elements ordinary\" id=\"14\" q1=\"5.017556791631736\" q0=\"5.760382953575741\" cx=\"452\" cy=\"411\" r=\"0.5vh\" alpha=\"0.5\"></circle><circle class=\"circle elements ordinary\" id=\"15\" q1=\"4.8449119101486735\" q0=\"4.797525098508029\" cx=\"368\" cy=\"423\" r=\"0.5vh\" alpha=\"0.5\"></circle><circle class=\"circle elements ordinary\" id=\"16\" q1=\"4.386687507122331\" q0=\"5.530656823504\" cx=\"432\" cy=\"456\" r=\"0.5vh\" alpha=\"0.5\"></circle><circle class=\"circle elements ordinary\" id=\"17\" q1=\"4.469560481564449\" q0=\"5.4199972515362775\" cx=\"422\" cy=\"450\" r=\"0.5vh\" alpha=\"0.5\"></circle><circle class=\"circle elements ordinary\" id=\"18\" q1=\"4.918694227747932\" q0=\"5.051737817591652\" cx=\"390\" cy=\"418\" r=\"0.5vh\" alpha=\"0.5\"></circle><circle class=\"circle elements ordinary\" id=\"19\" q1=\"4.629262063449967\" q0=\"5.459660233455255\" cx=\"425\" cy=\"439\" r=\"0.5vh\" alpha=\"0.5\"></circle><circle class=\"circle elements ordinary\" id=\"20\" q1=\"4.466665308225782\" q0=\"5.392134184357791\" cx=\"420\" cy=\"450\" r=\"0.5vh\" alpha=\"0.5\"></circle><circle class=\"circle elements ordinary\" id=\"21\" q1=\"4.6297223483377286\" q0=\"6.1733381669127025\" cx=\"488\" cy=\"439\" r=\"0.5vh\" alpha=\"0.5\"></circle><circle class=\"circle elements ordinary\" id=\"22\" q1=\"4.550333765116768\" q0=\"6.319788406515528\" cx=\"501\" cy=\"444\" r=\"0.5vh\" alpha=\"0.5\"></circle><circle class=\"circle elements ordinary\" id=\"23\" q1=\"5.018887335482662\" q0=\"3.9788586791173763\" cx=\"296\" cy=\"411\" r=\"0.5vh\" alpha=\"0.5\"></circle><circle class=\"circle elements ordinary\" id=\"24\" q1=\"4.52797833525174\" q0=\"6.520991336022339\" cx=\"518\" cy=\"446\" r=\"0.5vh\" alpha=\"0.5\"></circle><circle class=\"circle elements ordinary\" id=\"25\" q1=\"4.741442240408771\" q0=\"5.912742707220481\" cx=\"465\" cy=\"431\" r=\"0.5vh\" alpha=\"0.5\"></circle><circle class=\"circle elements ordinary\" id=\"26\" q1=\"5.121445710911601\" q0=\"5.764199430597981\" cx=\"452\" cy=\"403\" r=\"0.5vh\" alpha=\"0.5\"></circle><circle class=\"circle elements ordinary\" id=\"27\" q1=\"5.558297999998562\" q0=\"5.61822023380477\" cx=\"439\" cy=\"372\" r=\"0.5vh\" alpha=\"0.5\"></circle><circle class=\"circle elements ordinary\" id=\"28\" q1=\"5.178415999900115\" q0=\"6.332857643123974\" cx=\"502\" cy=\"399\" r=\"0.5vh\" alpha=\"0.5\"></circle><circle class=\"circle elements ordinary\" id=\"29\" q1=\"5.2939158268604745\" q0=\"4.216669957364528\" cx=\"317\" cy=\"391\" r=\"0.5vh\" alpha=\"0.5\"></circle><circle class=\"circle elements ordinary\" id=\"30\" q1=\"4.6997620733990315\" q0=\"5.320885914062723\" cx=\"413\" cy=\"434\" r=\"0.5vh\" alpha=\"0.5\"></circle><circle class=\"circle elements ordinary\" id=\"31\" q1=\"5.1097879436693265\" q0=\"5.616057340253859\" cx=\"439\" cy=\"404\" r=\"0.5vh\" alpha=\"0.5\"></circle><circle class=\"circle elements ordinary\" id=\"32\" q1=\"4.584641274451092\" q0=\"5.2839804059463935\" cx=\"410\" cy=\"442\" r=\"0.5vh\" alpha=\"0.5\"></circle><circle class=\"circle elements ordinary\" id=\"33\" q1=\"9.626172430934059\" q0=\"1.613212352671055\" cx=\"90\" cy=\"80\" r=\"0.5vh\" alpha=\"0.5\"></circle><circle class=\"circle elements ordinary\" id=\"34\" q1=\"9.735142674629872\" q0=\"1.5848928366767707\" cx=\"87\" cy=\"72\" r=\"0.5vh\" alpha=\"0.5\"></circle><text class=\"title\" text-anchor=\"middle\" font-size=\"23.759999999999998\" x=\"320\" y=\"-31.68\">The Relation of GDP and Electric Energy Consumption</text></g></svg>\n\n        "}}