{"user_name":"cqq","total_number":"0","pre_gen_focus":[{"focus_id":[0,1,2,3,4,5,6,7,8,9,10,11,12,13,14,15,16,17,18,19,20,21,22,23,24,25],"compare_id":[26],"type":"cluster"},{"focus_id":[26],"compare_id":[0,1,2,3,4,5,6,7,8,9,10,11,12,13,14,15,16,17,18,19,20,21,22,23,24,25],"type":"outlier"}],"sentences":[{"focus_id":[0,1,2,3,4,5,6,7,8,9,10,11,12,13,14,15,16,17,18,19,20,21,22,23,24,25],"compare_id":[26],"type":"cluster","sentence":"cluster"},{"focus_id":[26],"compare_id":[0,1,2,3,4,5,6,7,8,9,10,11,12,13,14,15,16,17,18,19,20,21,22,23,24,25],"type":"outlier","sentence":"outlier"}],"data":{"title":"The Relation of Steel Production and Oil Consumption","unit":"billion","data_array":[{"q0":6.527307762410103,"q1":3.788457887936346,"c0":0,"id":0},{"q0":6.892760647069433,"q1":4.969045531897585,"c0":0,"id":1},{"q0":6.694936758431494,"q1":3.5249124511886984,"c0":0,"id":2},{"q0":5.752915392158479,"q1":3.6756471610368173,"c0":0,"id":3},{"q0":7.041181911330032,"q1":4.223176426351479,"c0":0,"id":4},{"q0":6.639772716547023,"q1":3.9410540902115585,"c0":0,"id":5},{"q0":6.4601226536546115,"q1":4.855100646754623,"c0":0,"id":6},{"q0":6.050485400317801,"q1":4.8685470639664405,"c0":0,"id":7},{"q0":5.575248227803165,"q1":3.585607901886566,"c0":0,"id":8},{"q0":6.393183934344286,"q1":3.6245226541614928,"c0":0,"id":9},{"q0":6.527358007556438,"q1":3.80694999277683,"c0":0,"id":10},{"q0":4.995112316050939,"q1":3.558971884535248,"c0":0,"id":11},{"q0":5.8787294417697025,"q1":4.4159920596267845,"c0":0,"id":12},{"q0":7.02170575306767,"q1":3.8843346863183554,"c0":0,"id":13},{"q0":6.4682116136781165,"q1":3.782719867464295,"c0":0,"id":14},{"q0":6.8578993549032825,"q1":3.830282895428662,"c0":0,"id":15},{"q0":5.820893443590436,"q1":3.979065153712163,"c0":0,"id":16},{"q0":7.251205785897194,"q1":3.957345730596958,"c0":0,"id":17},{"q0":6.888857481058587,"q1":3.7959738478399463,"c0":0,"id":18},{"q0":5.785648917403937,"q1":4.053484131178705,"c0":0,"id":19},{"q0":6.542801192756665,"q1":3.518934778002471,"c0":0,"id":20},{"q0":6.543141337517222,"q1":3.5528204429754475,"c0":0,"id":21},{"q0":7.892043060361319,"q1":3.8220452178735194,"c0":0,"id":22},{"q0":6.969905304026576,"q1":3.9638595417880764,"c0":0,"id":23},{"q0":6.461719811790852,"q1":5.0391644508242415,"c0":0,"id":24},{"q0":6.984453813643804,"q1":4.362067518452115,"c0":0,"id":25},{"q0":8.880377088628324,"q1":8.511707766471934,"c0":0,"id":26}],"co":["Japan"],"type":"cqq","color":["#fb8072"],"vis_type":"load_scatter_plot","major_name":"q0","second_name":"q1","major_dim":"q0","second_dim":"q1","unit1":"Steel Production / Million Tons","unit2":"Oil Consumption / Billion Barrels","svg_string":"\n          <h5 id=\"chart-title\" class=\"text-center mb-0\"></h5>\n          <svg id=\"mySvg\" viewBox=\"0 0 800 660\" preserveAspectRatio=\"xMidYMid meet\" height=\"736.8000000000001\" width=\"1002.25\">\n            <defs>\n            <filter id=\"blue-shadow\">\n            <feDropShadow dx=\"3\" dy=\"3\" stdDeviation=\"3\" flood-color=\"#0080e0\" flood-opacity=\"50%\"></feDropShadow>\n            </filter>\n            </defs>\n\n            <defs>\n            <filter id=\"red-shadow\">\n            <feDropShadow dx=\"3\" dy=\"3\" stdDeviation=\"3\" flood-color=\"#fa1919\" flood-opacity=\"50%\"></feDropShadow>\n            </filter>\n            </defs>\n\n            <defs>\n            <filter id=\"ordinary-shadow\">\n            <feDropShadow dx=\"2.5\" dy=\"3\" stdDeviation=\"1\" flood-color=\"grey\" flood-opacity=\"50%\"></feDropShadow>\n            </filter>\n            </defs>\n          <g transform=\"translate(80,66)\"><g class=\"brush\"></g><g class=\"axis axis--x\" transform=\"translate(0,528)\" fill=\"none\" font-size=\"10\" font-family=\"sans-serif\" text-anchor=\"middle\"><path class=\"domain\" stroke=\"#000\" d=\"M0.5,6V0.5H640.5V6\"></path><g class=\"tick\" opacity=\"1\" transform=\"translate(1.5,0)\"><line stroke=\"#000\" y2=\"6\"></line><text fill=\"#000\" y=\"9\" dy=\"0.71em\">4.0</text></g><g class=\"tick\" opacity=\"1\" transform=\"translate(55.5,0)\"><line stroke=\"#000\" y2=\"6\"></line><text fill=\"#000\" y=\"9\" dy=\"0.71em\">4.5</text></g><g class=\"tick\" opacity=\"1\" transform=\"translate(109.5,0)\"><line stroke=\"#000\" y2=\"6\"></line><text fill=\"#000\" y=\"9\" dy=\"0.71em\">5.0</text></g><g class=\"tick\" opacity=\"1\" transform=\"translate(164.5,0)\"><line stroke=\"#000\" y2=\"6\"></line><text fill=\"#000\" y=\"9\" dy=\"0.71em\">5.5</text></g><g class=\"tick\" opacity=\"1\" transform=\"translate(218.5,0)\"><line stroke=\"#000\" y2=\"6\"></line><text fill=\"#000\" y=\"9\" dy=\"0.71em\">6.0</text></g><g class=\"tick\" opacity=\"1\" transform=\"translate(272.5,0)\"><line stroke=\"#000\" y2=\"6\"></line><text fill=\"#000\" y=\"9\" dy=\"0.71em\">6.5</text></g><g class=\"tick\" opacity=\"1\" transform=\"translate(327.5,0)\"><line stroke=\"#000\" y2=\"6\"></line><text fill=\"#000\" y=\"9\" dy=\"0.71em\">7.0</text></g><g class=\"tick\" opacity=\"1\" transform=\"translate(381.5,0)\"><line stroke=\"#000\" y2=\"6\"></line><text fill=\"#000\" y=\"9\" dy=\"0.71em\">7.5</text></g><g class=\"tick\" opacity=\"1\" transform=\"translate(436.5,0)\"><line stroke=\"#000\" y2=\"6\"></line><text fill=\"#000\" y=\"9\" dy=\"0.71em\">8.0</text></g><g class=\"tick\" opacity=\"1\" transform=\"translate(490.5,0)\"><line stroke=\"#000\" y2=\"6\"></line><text fill=\"#000\" y=\"9\" dy=\"0.71em\">8.5</text></g><g class=\"tick\" opacity=\"1\" transform=\"translate(544.5,0)\"><line stroke=\"#000\" y2=\"6\"></line><text fill=\"#000\" y=\"9\" dy=\"0.71em\">9.0</text></g><g class=\"tick\" opacity=\"1\" transform=\"translate(599.5,0)\"><line stroke=\"#000\" y2=\"6\"></line><text fill=\"#000\" y=\"9\" dy=\"0.71em\">9.5</text></g><text transform=\"translate(640,0)\" dy=\"-0.2rem\" text-anchor=\"end\" class=\"text-truncate\" font-size=\"12px\" style=\"stroke: black;\">Steel Production / Million Tons</text></g><g class=\"axis axis--y\" fill=\"none\" font-size=\"10\" font-family=\"sans-serif\" text-anchor=\"end\"><path class=\"domain\" stroke=\"#000\" d=\"M-6,528.5H0.5V0.5H-6\"></path><g class=\"tick\" opacity=\"1\" transform=\"translate(0,492.5)\"><line stroke=\"#000\" x2=\"-6\"></line><text fill=\"#000\" x=\"-9\" dy=\"0.32em\">3.0</text></g><g class=\"tick\" opacity=\"1\" transform=\"translate(0,454.5)\"><line stroke=\"#000\" x2=\"-6\"></line><text fill=\"#000\" x=\"-9\" dy=\"0.32em\">3.5</text></g><g class=\"tick\" opacity=\"1\" transform=\"translate(0,416.5)\"><line stroke=\"#000\" x2=\"-6\"></line><text fill=\"#000\" x=\"-9\" dy=\"0.32em\">4.0</text></g><g class=\"tick\" opacity=\"1\" transform=\"translate(0,378.5)\"><line stroke=\"#000\" x2=\"-6\"></line><text fill=\"#000\" x=\"-9\" dy=\"0.32em\">4.5</text></g><g class=\"tick\" opacity=\"1\" transform=\"translate(0,341.5)\"><line stroke=\"#000\" x2=\"-6\"></line><text fill=\"#000\" x=\"-9\" dy=\"0.32em\">5.0</text></g><g class=\"tick\" opacity=\"1\" transform=\"translate(0,303.5)\"><line stroke=\"#000\" x2=\"-6\"></line><text fill=\"#000\" x=\"-9\" dy=\"0.32em\">5.5</text></g><g class=\"tick\" opacity=\"1\" transform=\"translate(0,265.5)\"><line stroke=\"#000\" x2=\"-6\"></line><text fill=\"#000\" x=\"-9\" dy=\"0.32em\">6.0</text></g><g class=\"tick\" opacity=\"1\" transform=\"translate(0,227.5)\"><line stroke=\"#000\" x2=\"-6\"></line><text fill=\"#000\" x=\"-9\" dy=\"0.32em\">6.5</text></g><g class=\"tick\" opacity=\"1\" transform=\"translate(0,190.5)\"><line stroke=\"#000\" x2=\"-6\"></line><text fill=\"#000\" x=\"-9\" dy=\"0.32em\">7.0</text></g><g class=\"tick\" opacity=\"1\" transform=\"translate(0,152.5)\"><line stroke=\"#000\" x2=\"-6\"></line><text fill=\"#000\" x=\"-9\" dy=\"0.32em\">7.5</text></g><g class=\"tick\" opacity=\"1\" transform=\"translate(0,114.5)\"><line stroke=\"#000\" x2=\"-6\"></line><text fill=\"#000\" x=\"-9\" dy=\"0.32em\">8.0</text></g><g class=\"tick\" opacity=\"1\" transform=\"translate(0,76.5)\"><line stroke=\"#000\" x2=\"-6\"></line><text fill=\"#000\" x=\"-9\" dy=\"0.32em\">8.5</text></g><g class=\"tick\" opacity=\"1\" transform=\"translate(0,39.5)\"><line stroke=\"#000\" x2=\"-6\"></line><text fill=\"#000\" x=\"-9\" dy=\"0.32em\">9.0</text></g><g class=\"tick\" opacity=\"1\" transform=\"translate(0,1.5)\"><line stroke=\"#000\" x2=\"-6\"></line><text fill=\"#000\" x=\"-9\" dy=\"0.32em\">9.5</text></g><text transform=\"rotate(-90)\" y=\"6\" dy=\"0.71em\" text-anchor=\"end\" font-size=\"12px\" style=\"stroke: black;\">Oil Consumption / Billion Barrels</text></g><circle class=\"circle elements ordinary\" id=\"0\" q1=\"3.788457887936346\" q0=\"6.527307762410103\" cx=\"275\" cy=\"432\" r=\"0.5vh\" alpha=\"0.5\"></circle><circle class=\"circle elements ordinary\" id=\"1\" q1=\"4.969045531897585\" q0=\"6.892760647069433\" cx=\"315\" cy=\"343\" r=\"0.5vh\" alpha=\"0.5\"></circle><circle class=\"circle elements ordinary\" id=\"2\" q1=\"3.5249124511886984\" q0=\"6.694936758431494\" cx=\"294\" cy=\"452\" r=\"0.5vh\" alpha=\"0.5\"></circle><circle class=\"circle elements ordinary\" id=\"3\" q1=\"3.6756471610368173\" q0=\"5.752915392158479\" cx=\"191\" cy=\"441\" r=\"0.5vh\" alpha=\"0.5\"></circle><circle class=\"circle elements ordinary\" id=\"4\" q1=\"4.223176426351479\" q0=\"7.041181911330032\" cx=\"331\" cy=\"399\" r=\"0.5vh\" alpha=\"0.5\"></circle><circle class=\"circle elements ordinary\" id=\"5\" q1=\"3.9410540902115585\" q0=\"6.639772716547023\" cx=\"288\" cy=\"421\" r=\"0.5vh\" alpha=\"0.5\"></circle><circle class=\"circle elements ordinary\" id=\"6\" q1=\"4.855100646754623\" q0=\"6.4601226536546115\" cx=\"268\" cy=\"352\" r=\"0.5vh\" alpha=\"0.5\"></circle><circle class=\"circle elements ordinary\" id=\"7\" q1=\"4.8685470639664405\" q0=\"6.050485400317801\" cx=\"224\" cy=\"351\" r=\"0.5vh\" alpha=\"0.5\"></circle><circle class=\"circle elements ordinary\" id=\"8\" q1=\"3.585607901886566\" q0=\"5.575248227803165\" cx=\"172\" cy=\"447\" r=\"0.5vh\" alpha=\"0.5\"></circle><circle class=\"circle elements ordinary\" id=\"9\" q1=\"3.6245226541614928\" q0=\"6.393183934344286\" cx=\"261\" cy=\"445\" r=\"0.5vh\" alpha=\"0.5\"></circle><circle class=\"circle elements ordinary\" id=\"10\" q1=\"3.80694999277683\" q0=\"6.527358007556438\" cx=\"275\" cy=\"431\" r=\"0.5vh\" alpha=\"0.5\"></circle><circle class=\"circle elements ordinary\" id=\"11\" q1=\"3.558971884535248\" q0=\"4.995112316050939\" cx=\"109\" cy=\"449\" r=\"0.5vh\" alpha=\"0.5\"></circle><circle class=\"circle elements ordinary\" id=\"12\" q1=\"4.4159920596267845\" q0=\"5.8787294417697025\" cx=\"205\" cy=\"385\" r=\"0.5vh\" alpha=\"0.5\"></circle><circle class=\"circle elements ordinary\" id=\"13\" q1=\"3.8843346863183554\" q0=\"7.02170575306767\" cx=\"329\" cy=\"425\" r=\"0.5vh\" alpha=\"0.5\"></circle><circle class=\"circle elements ordinary\" id=\"14\" q1=\"3.782719867464295\" q0=\"6.4682116136781165\" cx=\"269\" cy=\"433\" r=\"0.5vh\" alpha=\"0.5\"></circle><circle class=\"circle elements ordinary\" id=\"15\" q1=\"3.830282895428662\" q0=\"6.8578993549032825\" cx=\"311\" cy=\"429\" r=\"0.5vh\" alpha=\"0.5\"></circle><circle class=\"circle elements ordinary\" id=\"16\" q1=\"3.979065153712163\" q0=\"5.820893443590436\" cx=\"199\" cy=\"418\" r=\"0.5vh\" alpha=\"0.5\"></circle><circle class=\"circle elements ordinary\" id=\"17\" q1=\"3.957345730596958\" q0=\"7.251205785897194\" cx=\"354\" cy=\"419\" r=\"0.5vh\" alpha=\"0.5\"></circle><circle class=\"circle elements ordinary\" id=\"18\" q1=\"3.7959738478399463\" q0=\"6.888857481058587\" cx=\"315\" cy=\"432\" r=\"0.5vh\" alpha=\"0.5\"></circle><circle class=\"circle elements ordinary\" id=\"19\" q1=\"4.053484131178705\" q0=\"5.785648917403937\" cx=\"195\" cy=\"412\" r=\"0.5vh\" alpha=\"0.5\"></circle><circle class=\"circle elements ordinary\" id=\"20\" q1=\"3.518934778002471\" q0=\"6.542801192756665\" cx=\"277\" cy=\"452\" r=\"0.5vh\" alpha=\"0.5\"></circle><circle class=\"circle elements ordinary\" id=\"21\" q1=\"3.5528204429754475\" q0=\"6.543141337517222\" cx=\"277\" cy=\"450\" r=\"0.5vh\" alpha=\"0.5\"></circle><circle class=\"circle elements ordinary\" id=\"22\" q1=\"3.8220452178735194\" q0=\"7.892043060361319\" cx=\"424\" cy=\"430\" r=\"0.5vh\" alpha=\"0.5\"></circle><circle class=\"circle elements ordinary\" id=\"23\" q1=\"3.9638595417880764\" q0=\"6.969905304026576\" cx=\"323\" cy=\"419\" r=\"0.5vh\" alpha=\"0.5\"></circle><circle class=\"circle elements ordinary\" id=\"24\" q1=\"5.0391644508242415\" q0=\"6.461719811790852\" cx=\"268\" cy=\"338\" r=\"0.5vh\" alpha=\"0.5\"></circle><circle class=\"circle elements ordinary\" id=\"25\" q1=\"4.362067518452115\" q0=\"6.984453813643804\" cx=\"325\" cy=\"389\" r=\"0.5vh\" alpha=\"0.5\"></circle><circle class=\"circle elements ordinary\" id=\"26\" q1=\"8.511707766471934\" q0=\"8.880377088628324\" cx=\"531\" cy=\"76\" r=\"0.5vh\" alpha=\"0.5\"></circle><text class=\"title\" text-anchor=\"middle\" font-size=\"23.759999999999998\" x=\"320\" y=\"-31.68\">The Relation of Steel Production and Oil Consumption</text></g></svg>\n\n        "}}