{"user_name":"cqq","total_number":"0","pre_gen_focus":[{"focus_id":[0,1,2,3,4,5,6,7,8,9,10,11,12,13,14,15,16,17,18,19,20,21],"compare_id":[22,23],"type":"cluster"},{"focus_id":[22,23],"compare_id":[0,1,2,3,4,5,6,7,8,9,10,11,12,13,14,15,16,17,18,19,20,21],"type":"outlier"}],"sentences":[{"focus_id":[0,1,2,3,4,5,6,7,8,9,10,11,12,13,14,15,16,17,18,19,20,21],"compare_id":[22,23],"type":"cluster","sentence":"cluster"},{"focus_id":[22,23],"compare_id":[0,1,2,3,4,5,6,7,8,9,10,11,12,13,14,15,16,17,18,19,20,21],"type":"outlier","sentence":"outlier"}],"data":{"title":"The Relation of GDP Growth and Electric Energy Consumption","unit":"billion","data_array":[{"q0":4.056446966745574,"q1":7.346586537714958,"c0":0,"id":0},{"q0":4.221003117746507,"q1":6.406109530208236,"c0":0,"id":1},{"q0":4.465563838156259,"q1":6.281360592712183,"c0":0,"id":2},{"q0":4.186506039707019,"q1":6.584140928144042,"c0":0,"id":3},{"q0":3.8097452801190426,"q1":6.186201867559087,"c0":0,"id":4},{"q0":3.8190553858763825,"q1":6.339790803165032,"c0":0,"id":5},{"q0":3.8572979222649537,"q1":7.463719141008429,"c0":0,"id":6},{"q0":3.4066031591037116,"q1":6.30222680559483,"c0":0,"id":7},{"q0":2.7311123017607635,"q1":7.572216902479641,"c0":0,"id":8},{"q0":4.706328107178107,"q1":6.720608715671815,"c0":0,"id":9},{"q0":4.348718304089207,"q1":6.329860865069678,"c0":0,"id":10},{"q0":3.2783109765374308,"q1":7.061876461164508,"c0":0,"id":11},{"q0":3.811335066393561,"q1":6.394629464991183,"c0":0,"id":12},{"q0":2.5773083047190366,"q1":7.232492450462151,"c0":0,"id":13},{"q0":3.2831756525378566,"q1":6.19651246562112,"c0":0,"id":14},{"q0":2.2198607880210046,"q1":7.025025796531685,"c0":0,"id":15},{"q0":3.127514840204397,"q1":6.222705539632568,"c0":0,"id":16},{"q0":5.276459555145291,"q1":6.507099299757008,"c0":0,"id":17},{"q0":4.744273422712511,"q1":7.563701413684559,"c0":0,"id":18},{"q0":4.023672253382079,"q1":6.3358570011718145,"c0":0,"id":19},{"q0":3.6384322453463933,"q1":7.129885626894923,"c0":0,"id":20},{"q0":4.98113696736552,"q1":7.327184527097659,"c0":0,"id":21},{"q0":8.897696836489853,"q1":1.76593851268483,"c0":0,"id":22},{"q0":8.700347046449608,"q1":1.71845205386016,"c0":0,"id":23}],"co":["Japan"],"type":"cqq","color":["#fb8072"],"vis_type":"load_scatter_plot","major_name":"q0","second_name":"q1","major_dim":"q0","second_dim":"q1","unit1":"GDP Growth / %","unit2":"Electric Energy Consumption / TWh","svg_string":"\n          <h5 id=\"chart-title\" class=\"text-center mb-0\"></h5>\n          <svg id=\"mySvg\" viewBox=\"0 0 800 660\" preserveAspectRatio=\"xMidYMid meet\" height=\"736.8000000000001\" width=\"1002.25\">\n            <defs>\n            <filter id=\"blue-shadow\">\n            <feDropShadow dx=\"3\" dy=\"3\" stdDeviation=\"3\" flood-color=\"#0080e0\" flood-opacity=\"50%\"></feDropShadow>\n            </filter>\n            </defs>\n\n            <defs>\n            <filter id=\"red-shadow\">\n            <feDropShadow dx=\"3\" dy=\"3\" stdDeviation=\"3\" flood-color=\"#fa1919\" flood-opacity=\"50%\"></feDropShadow>\n            </filter>\n            </defs>\n\n            <defs>\n            <filter id=\"ordinary-shadow\">\n            <feDropShadow dx=\"2.5\" dy=\"3\" stdDeviation=\"1\" flood-color=\"grey\" flood-opacity=\"50%\"></feDropShadow>\n            </filter>\n            </defs>\n          <g transform=\"translate(80,66)\"><g class=\"brush\"></g><g class=\"axis axis--x\" transform=\"translate(0,528)\" fill=\"none\" font-size=\"10\" font-family=\"sans-serif\" text-anchor=\"middle\"><path class=\"domain\" stroke=\"#000\" d=\"M0.5,6V0.5H640.5V6\"></path><g class=\"tick\" opacity=\"1\" transform=\"translate(58.5,0)\"><line stroke=\"#000\" y2=\"6\"></line><text fill=\"#000\" y=\"9\" dy=\"0.71em\">2</text></g><g class=\"tick\" opacity=\"1\" transform=\"translate(131.5,0)\"><line stroke=\"#000\" y2=\"6\"></line><text fill=\"#000\" y=\"9\" dy=\"0.71em\">3</text></g><g class=\"tick\" opacity=\"1\" transform=\"translate(205.5,0)\"><line stroke=\"#000\" y2=\"6\"></line><text fill=\"#000\" y=\"9\" dy=\"0.71em\">4</text></g><g class=\"tick\" opacity=\"1\" transform=\"translate(279.5,0)\"><line stroke=\"#000\" y2=\"6\"></line><text fill=\"#000\" y=\"9\" dy=\"0.71em\">5</text></g><g class=\"tick\" opacity=\"1\" transform=\"translate(353.5,0)\"><line stroke=\"#000\" y2=\"6\"></line><text fill=\"#000\" y=\"9\" dy=\"0.71em\">6</text></g><g class=\"tick\" opacity=\"1\" transform=\"translate(426.5,0)\"><line stroke=\"#000\" y2=\"6\"></line><text fill=\"#000\" y=\"9\" dy=\"0.71em\">7</text></g><g class=\"tick\" opacity=\"1\" transform=\"translate(500.5,0)\"><line stroke=\"#000\" y2=\"6\"></line><text fill=\"#000\" y=\"9\" dy=\"0.71em\">8</text></g><g class=\"tick\" opacity=\"1\" transform=\"translate(574.5,0)\"><line stroke=\"#000\" y2=\"6\"></line><text fill=\"#000\" y=\"9\" dy=\"0.71em\">9</text></g><text transform=\"translate(640,0)\" dy=\"-0.2rem\" text-anchor=\"end\" class=\"text-truncate\" font-size=\"12px\" style=\"stroke: black;\">GDP Growth / %</text></g><g class=\"axis axis--y\" fill=\"none\" font-size=\"10\" font-family=\"sans-serif\" text-anchor=\"end\"><path class=\"domain\" stroke=\"#000\" d=\"M-6,528.5H0.5V0.5H-6\"></path><g class=\"tick\" opacity=\"1\" transform=\"translate(0,509.5)\"><line stroke=\"#000\" x2=\"-6\"></line><text fill=\"#000\" x=\"-9\" dy=\"0.32em\">1</text></g><g class=\"tick\" opacity=\"1\" transform=\"translate(0,442.5)\"><line stroke=\"#000\" x2=\"-6\"></line><text fill=\"#000\" x=\"-9\" dy=\"0.32em\">2</text></g><g class=\"tick\" opacity=\"1\" transform=\"translate(0,375.5)\"><line stroke=\"#000\" x2=\"-6\"></line><text fill=\"#000\" x=\"-9\" dy=\"0.32em\">3</text></g><g class=\"tick\" opacity=\"1\" transform=\"translate(0,307.5)\"><line stroke=\"#000\" x2=\"-6\"></line><text fill=\"#000\" x=\"-9\" dy=\"0.32em\">4</text></g><g class=\"tick\" opacity=\"1\" transform=\"translate(0,240.5)\"><line stroke=\"#000\" x2=\"-6\"></line><text fill=\"#000\" x=\"-9\" dy=\"0.32em\">5</text></g><g class=\"tick\" opacity=\"1\" transform=\"translate(0,173.5)\"><line stroke=\"#000\" x2=\"-6\"></line><text fill=\"#000\" x=\"-9\" dy=\"0.32em\">6</text></g><g class=\"tick\" opacity=\"1\" transform=\"translate(0,106.5)\"><line stroke=\"#000\" x2=\"-6\"></line><text fill=\"#000\" x=\"-9\" dy=\"0.32em\">7</text></g><g class=\"tick\" opacity=\"1\" transform=\"translate(0,38.5)\"><line stroke=\"#000\" x2=\"-6\"></line><text fill=\"#000\" x=\"-9\" dy=\"0.32em\">8</text></g><text transform=\"rotate(-90)\" y=\"6\" dy=\"0.71em\" text-anchor=\"end\" font-size=\"12px\" style=\"stroke: black;\">Electric Energy Consumption / TWh</text></g><circle class=\"circle elements ordinary\" id=\"0\" q1=\"7.346586537714958\" q0=\"4.056446966745574\" cx=\"209\" cy=\"82\" r=\"0.5vh\" alpha=\"0.5\"></circle><circle class=\"circle elements ordinary\" id=\"1\" q1=\"6.406109530208236\" q0=\"4.221003117746507\" cx=\"221\" cy=\"146\" r=\"0.5vh\" alpha=\"0.5\"></circle><circle class=\"circle elements ordinary\" id=\"2\" q1=\"6.281360592712183\" q0=\"4.465563838156259\" cx=\"239\" cy=\"154\" r=\"0.5vh\" alpha=\"0.5\"></circle><circle class=\"circle elements ordinary\" id=\"3\" q1=\"6.584140928144042\" q0=\"4.186506039707019\" cx=\"219\" cy=\"134\" r=\"0.5vh\" alpha=\"0.5\"></circle><circle class=\"circle elements ordinary\" id=\"4\" q1=\"6.186201867559087\" q0=\"3.8097452801190426\" cx=\"191\" cy=\"160\" r=\"0.5vh\" alpha=\"0.5\"></circle><circle class=\"circle elements ordinary\" id=\"5\" q1=\"6.339790803165032\" q0=\"3.8190553858763825\" cx=\"192\" cy=\"150\" r=\"0.5vh\" alpha=\"0.5\"></circle><circle class=\"circle elements ordinary\" id=\"6\" q1=\"7.463719141008429\" q0=\"3.8572979222649537\" cx=\"195\" cy=\"75\" r=\"0.5vh\" alpha=\"0.5\"></circle><circle class=\"circle elements ordinary\" id=\"7\" q1=\"6.30222680559483\" q0=\"3.4066031591037116\" cx=\"161\" cy=\"153\" r=\"0.5vh\" alpha=\"0.5\"></circle><circle class=\"circle elements ordinary\" id=\"8\" q1=\"7.572216902479641\" q0=\"2.7311123017607635\" cx=\"111\" cy=\"67\" r=\"0.5vh\" alpha=\"0.5\"></circle><circle class=\"circle elements ordinary\" id=\"9\" q1=\"6.720608715671815\" q0=\"4.706328107178107\" cx=\"257\" cy=\"124\" r=\"0.5vh\" alpha=\"0.5\"></circle><circle class=\"circle elements ordinary\" id=\"10\" q1=\"6.329860865069678\" q0=\"4.348718304089207\" cx=\"231\" cy=\"151\" r=\"0.5vh\" alpha=\"0.5\"></circle><circle class=\"circle elements ordinary\" id=\"11\" q1=\"7.061876461164508\" q0=\"3.2783109765374308\" cx=\"152\" cy=\"102\" r=\"0.5vh\" alpha=\"0.5\"></circle><circle class=\"circle elements ordinary\" id=\"12\" q1=\"6.394629464991183\" q0=\"3.811335066393561\" cx=\"191\" cy=\"146\" r=\"0.5vh\" alpha=\"0.5\"></circle><circle class=\"circle elements ordinary\" id=\"13\" q1=\"7.232492450462151\" q0=\"2.5773083047190366\" cx=\"100\" cy=\"90\" r=\"0.5vh\" alpha=\"0.5\"></circle><circle class=\"circle elements ordinary\" id=\"14\" q1=\"6.19651246562112\" q0=\"3.2831756525378566\" cx=\"152\" cy=\"160\" r=\"0.5vh\" alpha=\"0.5\"></circle><circle class=\"circle elements ordinary\" id=\"15\" q1=\"7.025025796531685\" q0=\"2.2198607880210046\" cx=\"74\" cy=\"104\" r=\"0.5vh\" alpha=\"0.5\"></circle><circle class=\"circle elements ordinary\" id=\"16\" q1=\"6.222705539632568\" q0=\"3.127514840204397\" cx=\"141\" cy=\"158\" r=\"0.5vh\" alpha=\"0.5\"></circle><circle class=\"circle elements ordinary\" id=\"17\" q1=\"6.507099299757008\" q0=\"5.276459555145291\" cx=\"299\" cy=\"139\" r=\"0.5vh\" alpha=\"0.5\"></circle><circle class=\"circle elements ordinary\" id=\"18\" q1=\"7.563701413684559\" q0=\"4.744273422712511\" cx=\"260\" cy=\"68\" r=\"0.5vh\" alpha=\"0.5\"></circle><circle class=\"circle elements ordinary\" id=\"19\" q1=\"6.3358570011718145\" q0=\"4.023672253382079\" cx=\"207\" cy=\"150\" r=\"0.5vh\" alpha=\"0.5\"></circle><circle class=\"circle elements ordinary\" id=\"20\" q1=\"7.129885626894923\" q0=\"3.6384322453463933\" cx=\"178\" cy=\"97\" r=\"0.5vh\" alpha=\"0.5\"></circle><circle class=\"circle elements ordinary\" id=\"21\" q1=\"7.327184527097659\" q0=\"4.98113696736552\" cx=\"277\" cy=\"84\" r=\"0.5vh\" alpha=\"0.5\"></circle><circle class=\"circle elements ordinary\" id=\"22\" q1=\"1.76593851268483\" q0=\"8.897696836489853\" cx=\"566\" cy=\"458\" r=\"0.5vh\" alpha=\"0.5\"></circle><circle class=\"circle elements ordinary\" id=\"23\" q1=\"1.71845205386016\" q0=\"8.700347046449608\" cx=\"552\" cy=\"461\" r=\"0.5vh\" alpha=\"0.5\"></circle><text class=\"title\" text-anchor=\"middle\" font-size=\"23.759999999999998\" x=\"320\" y=\"-31.68\">The Relation of GDP Growth and Electric Energy Consumption</text></g></svg>\n\n        "}}