{"user_name":"cqq","total_number":"0","pre_gen_focus":[{"focus_id":[0,1,2,3,4,5,6,7,8,9,10,11,12,13,14,15,16,17,18,19],"compare_id":[20],"type":"cluster"},{"focus_id":[20],"compare_id":[0,1,2,3,4,5,6,7,8,9,10,11,12,13,14,15,16,17,18,19],"type":"outlier"}],"sentences":[{"focus_id":[0,1,2,3,4,5,6,7,8,9,10,11,12,13,14,15,16,17,18,19],"compare_id":[20],"type":"cluster","sentence":"cluster"},{"focus_id":[20],"compare_id":[0,1,2,3,4,5,6,7,8,9,10,11,12,13,14,15,16,17,18,19],"type":"outlier","sentence":"outlier"}],"data":{"title":"The Relation of GDP and Oil Consumption","unit":"billion","data_array":[{"q0":5.347677989594982,"q1":4.104606955047963,"c0":0,"id":0},{"q0":5.6273093580471025,"q1":3.0219720776360144,"c0":0,"id":1},{"q0":5.850146494968348,"q1":3.8001183975275348,"c0":0,"id":2},{"q0":5.845400933691411,"q1":3.956729068487914,"c0":0,"id":3},{"q0":6.302784733005509,"q1":3.155500816305637,"c0":0,"id":4},{"q0":6.536258582317432,"q1":3.4764198899036645,"c0":0,"id":5},{"q0":5.754518913909175,"q1":3.5099199627531754,"c0":0,"id":6},{"q0":6.651398408720706,"q1":3.2668998609944975,"c0":0,"id":7},{"q0":5.62589152247867,"q1":3.0597933928414793,"c0":0,"id":8},{"q0":6.702175117222552,"q1":3.122019425842273,"c0":0,"id":9},{"q0":6.1255135139969985,"q1":3.583447216973253,"c0":0,"id":10},{"q0":4.649904521809564,"q1":3.197738816424593,"c0":0,"id":11},{"q0":5.20408485707588,"q1":3.9466897277346695,"c0":0,"id":12},{"q0":5.810632079932769,"q1":3.1353633616127357,"c0":0,"id":13},{"q0":5.478889556311554,"q1":3.083006662071271,"c0":0,"id":14},{"q0":5.665076172437877,"q1":3.0127774489341173,"c0":0,"id":15},{"q0":5.504884080543341,"q1":3.0745505847887356,"c0":0,"id":16},{"q0":6.1339403283952345,"q1":3.373239581850057,"c0":0,"id":17},{"q0":6.073500523973767,"q1":3.3794897590688167,"c0":0,"id":18},{"q0":4.891730192126372,"q1":3.4024466619791625,"c0":0,"id":19},{"q0":4.499633741586525,"q1":8.602021601441677,"c0":0,"id":20}],"co":["Japan"],"type":"cqq","color":["#fb8072"],"vis_type":"load_scatter_plot","major_name":"q0","second_name":"q1","major_dim":"q0","second_dim":"q1","unit1":"GDP / Billion","unit2":"Oil Consumption / Billion Barrels","svg_string":"\n          <h5 id=\"chart-title\" class=\"text-center mb-0\"></h5>\n          <svg id=\"mySvg\" viewBox=\"0 0 800 660\" preserveAspectRatio=\"xMidYMid meet\" height=\"736.8000000000001\" width=\"1002.25\">\n            <defs>\n            <filter id=\"blue-shadow\">\n            <feDropShadow dx=\"3\" dy=\"3\" stdDeviation=\"3\" flood-color=\"#0080e0\" flood-opacity=\"50%\"></feDropShadow>\n            </filter>\n            </defs>\n\n            <defs>\n            <filter id=\"red-shadow\">\n            <feDropShadow dx=\"3\" dy=\"3\" stdDeviation=\"3\" flood-color=\"#fa1919\" flood-opacity=\"50%\"></feDropShadow>\n            </filter>\n            </defs>\n\n            <defs>\n            <filter id=\"ordinary-shadow\">\n            <feDropShadow dx=\"2.5\" dy=\"3\" stdDeviation=\"1\" flood-color=\"grey\" flood-opacity=\"50%\"></feDropShadow>\n            </filter>\n            </defs>\n          <g transform=\"translate(80,66)\"><g class=\"brush\"></g><g class=\"axis axis--x\" transform=\"translate(0,528)\" fill=\"none\" font-size=\"10\" font-family=\"sans-serif\" text-anchor=\"middle\"><path class=\"domain\" stroke=\"#000\" d=\"M0.5,6V0.5H640.5V6\"></path><g class=\"tick\" opacity=\"1\" transform=\"translate(0.5,0)\"><line stroke=\"#000\" y2=\"6\"></line><text fill=\"#000\" y=\"9\" dy=\"0.71em\">3.5</text></g><g class=\"tick\" opacity=\"1\" transform=\"translate(76.5,0)\"><line stroke=\"#000\" y2=\"6\"></line><text fill=\"#000\" y=\"9\" dy=\"0.71em\">4.0</text></g><g class=\"tick\" opacity=\"1\" transform=\"translate(152.5,0)\"><line stroke=\"#000\" y2=\"6\"></line><text fill=\"#000\" y=\"9\" dy=\"0.71em\">4.5</text></g><g class=\"tick\" opacity=\"1\" transform=\"translate(228.5,0)\"><line stroke=\"#000\" y2=\"6\"></line><text fill=\"#000\" y=\"9\" dy=\"0.71em\">5.0</text></g><g class=\"tick\" opacity=\"1\" transform=\"translate(305.5,0)\"><line stroke=\"#000\" y2=\"6\"></line><text fill=\"#000\" y=\"9\" dy=\"0.71em\">5.5</text></g><g class=\"tick\" opacity=\"1\" transform=\"translate(381.5,0)\"><line stroke=\"#000\" y2=\"6\"></line><text fill=\"#000\" y=\"9\" dy=\"0.71em\">6.0</text></g><g class=\"tick\" opacity=\"1\" transform=\"translate(457.5,0)\"><line stroke=\"#000\" y2=\"6\"></line><text fill=\"#000\" y=\"9\" dy=\"0.71em\">6.5</text></g><g class=\"tick\" opacity=\"1\" transform=\"translate(533.5,0)\"><line stroke=\"#000\" y2=\"6\"></line><text fill=\"#000\" y=\"9\" dy=\"0.71em\">7.0</text></g><g class=\"tick\" opacity=\"1\" transform=\"translate(609.5,0)\"><line stroke=\"#000\" y2=\"6\"></line><text fill=\"#000\" y=\"9\" dy=\"0.71em\">7.5</text></g><text transform=\"translate(640,0)\" dy=\"-0.2rem\" text-anchor=\"end\" class=\"text-truncate\" font-size=\"12px\" style=\"stroke: black;\">GDP / Billion</text></g><g class=\"axis axis--y\" fill=\"none\" font-size=\"10\" font-family=\"sans-serif\" text-anchor=\"end\"><path class=\"domain\" stroke=\"#000\" d=\"M-6,528.5H0.5V0.5H-6\"></path><g class=\"tick\" opacity=\"1\" transform=\"translate(0,459.5)\"><line stroke=\"#000\" x2=\"-6\"></line><text fill=\"#000\" x=\"-9\" dy=\"0.32em\">3</text></g><g class=\"tick\" opacity=\"1\" transform=\"translate(0,390.5)\"><line stroke=\"#000\" x2=\"-6\"></line><text fill=\"#000\" x=\"-9\" dy=\"0.32em\">4</text></g><g class=\"tick\" opacity=\"1\" transform=\"translate(0,320.5)\"><line stroke=\"#000\" x2=\"-6\"></line><text fill=\"#000\" x=\"-9\" dy=\"0.32em\">5</text></g><g class=\"tick\" opacity=\"1\" transform=\"translate(0,251.5)\"><line stroke=\"#000\" x2=\"-6\"></line><text fill=\"#000\" x=\"-9\" dy=\"0.32em\">6</text></g><g class=\"tick\" opacity=\"1\" transform=\"translate(0,181.5)\"><line stroke=\"#000\" x2=\"-6\"></line><text fill=\"#000\" x=\"-9\" dy=\"0.32em\">7</text></g><g class=\"tick\" opacity=\"1\" transform=\"translate(0,111.5)\"><line stroke=\"#000\" x2=\"-6\"></line><text fill=\"#000\" x=\"-9\" dy=\"0.32em\">8</text></g><g class=\"tick\" opacity=\"1\" transform=\"translate(0,42.5)\"><line stroke=\"#000\" x2=\"-6\"></line><text fill=\"#000\" x=\"-9\" dy=\"0.32em\">9</text></g><text transform=\"rotate(-90)\" y=\"6\" dy=\"0.71em\" text-anchor=\"end\" font-size=\"12px\" style=\"stroke: black;\">Oil Consumption / Billion Barrels</text></g><circle class=\"circle elements ordinary\" id=\"0\" q1=\"4.104606955047963\" q0=\"5.347677989594982\" cx=\"281\" cy=\"382\" r=\"0.5vh\" alpha=\"0.5\"></circle><circle class=\"circle elements ordinary\" id=\"1\" q1=\"3.0219720776360144\" q0=\"5.6273093580471025\" cx=\"324\" cy=\"458\" r=\"0.5vh\" alpha=\"0.5\"></circle><circle class=\"circle elements ordinary\" id=\"2\" q1=\"3.8001183975275348\" q0=\"5.850146494968348\" cx=\"358\" cy=\"404\" r=\"0.5vh\" alpha=\"0.5\"></circle><circle class=\"circle elements ordinary\" id=\"3\" q1=\"3.956729068487914\" q0=\"5.845400933691411\" cx=\"357\" cy=\"393\" r=\"0.5vh\" alpha=\"0.5\"></circle><circle class=\"circle elements ordinary\" id=\"4\" q1=\"3.155500816305637\" q0=\"6.302784733005509\" cx=\"427\" cy=\"448\" r=\"0.5vh\" alpha=\"0.5\"></circle><circle class=\"circle elements ordinary\" id=\"5\" q1=\"3.4764198899036645\" q0=\"6.536258582317432\" cx=\"462\" cy=\"426\" r=\"0.5vh\" alpha=\"0.5\"></circle><circle class=\"circle elements ordinary\" id=\"6\" q1=\"3.5099199627531754\" q0=\"5.754518913909175\" cx=\"343\" cy=\"424\" r=\"0.5vh\" alpha=\"0.5\"></circle><circle class=\"circle elements ordinary\" id=\"7\" q1=\"3.2668998609944975\" q0=\"6.651398408720706\" cx=\"480\" cy=\"441\" r=\"0.5vh\" alpha=\"0.5\"></circle><circle class=\"circle elements ordinary\" id=\"8\" q1=\"3.0597933928414793\" q0=\"5.62589152247867\" cx=\"324\" cy=\"455\" r=\"0.5vh\" alpha=\"0.5\"></circle><circle class=\"circle elements ordinary\" id=\"9\" q1=\"3.122019425842273\" q0=\"6.702175117222552\" cx=\"488\" cy=\"451\" r=\"0.5vh\" alpha=\"0.5\"></circle><circle class=\"circle elements ordinary\" id=\"10\" q1=\"3.583447216973253\" q0=\"6.1255135139969985\" cx=\"400\" cy=\"419\" r=\"0.5vh\" alpha=\"0.5\"></circle><circle class=\"circle elements ordinary\" id=\"11\" q1=\"3.197738816424593\" q0=\"4.649904521809564\" cx=\"175\" cy=\"446\" r=\"0.5vh\" alpha=\"0.5\"></circle><circle class=\"circle elements ordinary\" id=\"12\" q1=\"3.9466897277346695\" q0=\"5.20408485707588\" cx=\"260\" cy=\"393\" r=\"0.5vh\" alpha=\"0.5\"></circle><circle class=\"circle elements ordinary\" id=\"13\" q1=\"3.1353633616127357\" q0=\"5.810632079932769\" cx=\"352\" cy=\"450\" r=\"0.5vh\" alpha=\"0.5\"></circle><circle class=\"circle elements ordinary\" id=\"14\" q1=\"3.083006662071271\" q0=\"5.478889556311554\" cx=\"301\" cy=\"454\" r=\"0.5vh\" alpha=\"0.5\"></circle><circle class=\"circle elements ordinary\" id=\"15\" q1=\"3.0127774489341173\" q0=\"5.665076172437877\" cx=\"330\" cy=\"458\" r=\"0.5vh\" alpha=\"0.5\"></circle><circle class=\"circle elements ordinary\" id=\"16\" q1=\"3.0745505847887356\" q0=\"5.504884080543341\" cx=\"305\" cy=\"454\" r=\"0.5vh\" alpha=\"0.5\"></circle><circle class=\"circle elements ordinary\" id=\"17\" q1=\"3.373239581850057\" q0=\"6.1339403283952345\" cx=\"401\" cy=\"433\" r=\"0.5vh\" alpha=\"0.5\"></circle><circle class=\"circle elements ordinary\" id=\"18\" q1=\"3.3794897590688167\" q0=\"6.073500523973767\" cx=\"392\" cy=\"433\" r=\"0.5vh\" alpha=\"0.5\"></circle><circle class=\"circle elements ordinary\" id=\"19\" q1=\"3.4024466619791625\" q0=\"4.891730192126372\" cx=\"212\" cy=\"431\" r=\"0.5vh\" alpha=\"0.5\"></circle><circle class=\"circle elements ordinary\" id=\"20\" q1=\"8.602021601441677\" q0=\"4.499633741586525\" cx=\"152\" cy=\"70\" r=\"0.5vh\" alpha=\"0.5\"></circle><text class=\"title\" text-anchor=\"middle\" font-size=\"23.759999999999998\" x=\"320\" y=\"-31.68\">The Relation of GDP and Oil Consumption</text></g></svg>\n\n        "}}