{"user_name":"cqq","total_number":"0","pre_gen_focus":[{"focus_id":[0,1,2,3,4,5,6,7,8,9,10,11,12,13,14,15,16,17,18,19,20,21,22,23,24,25,26,27,28],"compare_id":[29,30,31],"type":"cluster"},{"focus_id":[29,30,31],"compare_id":[0,1,2,3,4,5,6,7,8,9,10,11,12,13,14,15,16,17,18,19,20,21,22,23,24,25,26,27,28],"type":"outlier"}],"sentences":[{"focus_id":[0,1,2,3,4,5,6,7,8,9,10,11,12,13,14,15,16,17,18,19,20,21,22,23,24,25,26,27,28],"compare_id":[29,30,31],"type":"cluster","sentence":"cluster"},{"focus_id":[29,30,31],"compare_id":[0,1,2,3,4,5,6,7,8,9,10,11,12,13,14,15,16,17,18,19,20,21,22,23,24,25,26,27,28],"type":"outlier","sentence":"outlier"}],"data":{"title":"The Relation of Steel Production and Electric Energy Consumption","unit":"billion","data_array":[{"q0":4.369778550376244,"q1":7.445801336634709,"c0":0,"id":0},{"q0":4.230418780881794,"q1":7.272053577432899,"c0":0,"id":1},{"q0":4.387030415361152,"q1":7.02689195243201,"c0":0,"id":2},{"q0":3.2748683437441155,"q1":6.924621530627348,"c0":0,"id":3},{"q0":3.877105996531647,"q1":6.623197939185348,"c0":0,"id":4},{"q0":5.17205746614367,"q1":7.433795078305273,"c0":0,"id":5},{"q0":3.129933006464462,"q1":6.71357007173469,"c0":0,"id":6},{"q0":4.34650749046252,"q1":6.415252561474767,"c0":0,"id":7},{"q0":4.827296801536458,"q1":6.6068046231972595,"c0":0,"id":8},{"q0":5.00557932529531,"q1":6.889895517000209,"c0":0,"id":9},{"q0":4.00480419504111,"q1":6.90494441127366,"c0":0,"id":10},{"q0":4.317645286857532,"q1":7.384753069974094,"c0":0,"id":11},{"q0":4.498710499977348,"q1":6.599497789658711,"c0":0,"id":12},{"q0":3.825820050394673,"q1":6.705635369239154,"c0":0,"id":13},{"q0":3.328774807737947,"q1":6.526544209412249,"c0":0,"id":14},{"q0":4.077210184339225,"q1":7.462721275702332,"c0":0,"id":15},{"q0":4.215258802164284,"q1":6.568165358112083,"c0":0,"id":16},{"q0":3.5353612741889284,"q1":6.582795852050954,"c0":0,"id":17},{"q0":3.40285049188637,"q1":6.532949332964177,"c0":0,"id":18},{"q0":4.172263895816627,"q1":6.721364761069297,"c0":0,"id":19},{"q0":4.399164537688922,"q1":6.9293114299904275,"c0":0,"id":20},{"q0":4.135243230302778,"q1":7.670806698655138,"c0":0,"id":21},{"q0":4.991765251930149,"q1":6.973494270977877,"c0":0,"id":22},{"q0":5.231592500731127,"q1":6.99768865012508,"c0":0,"id":23},{"q0":4.5211724287612824,"q1":6.469377725915577,"c0":0,"id":24},{"q0":4.279945081329741,"q1":6.486945652859071,"c0":0,"id":25},{"q0":5.222007099306619,"q1":6.444213219582624,"c0":0,"id":26},{"q0":3.649513942417366,"q1":7.051527623442864,"c0":0,"id":27},{"q0":4.358520008822609,"q1":6.567345446733861,"c0":0,"id":28},{"q0":8.37235488021349,"q1":10.0087879402744,"c0":0,"id":29},{"q0":8.485404460139012,"q1":10.029067550429323,"c0":0,"id":30},{"q0":8.634188063247592,"q1":10.016406355713329,"c0":0,"id":31}],"co":["Japan"],"type":"cqq","color":["#fb8072"],"vis_type":"load_scatter_plot","major_name":"q0","second_name":"q1","major_dim":"q0","second_dim":"q1","unit1":"Steel Production / Million Tons","unit2":"Electric Energy Consumption / TWh","svg_string":"\n          <h5 id=\"chart-title\" class=\"text-center mb-0\"></h5>\n          <svg id=\"mySvg\" viewBox=\"0 0 800 660\" preserveAspectRatio=\"xMidYMid meet\" height=\"736.8000000000001\" width=\"1002.25\">\n            <defs>\n            <filter id=\"blue-shadow\">\n            <feDropShadow dx=\"3\" dy=\"3\" stdDeviation=\"3\" flood-color=\"#0080e0\" flood-opacity=\"50%\"></feDropShadow>\n            </filter>\n            </defs>\n\n            <defs>\n            <filter id=\"red-shadow\">\n            <feDropShadow dx=\"3\" dy=\"3\" stdDeviation=\"3\" flood-color=\"#fa1919\" flood-opacity=\"50%\"></feDropShadow>\n            </filter>\n            </defs>\n\n            <defs>\n            <filter id=\"ordinary-shadow\">\n            <feDropShadow dx=\"2.5\" dy=\"3\" stdDeviation=\"1\" flood-color=\"grey\" flood-opacity=\"50%\"></feDropShadow>\n            </filter>\n            </defs>\n          <g transform=\"translate(80,66)\"><g class=\"brush\"></g><g class=\"axis axis--x\" transform=\"translate(0,528)\" fill=\"none\" font-size=\"10\" font-family=\"sans-serif\" text-anchor=\"middle\"><path class=\"domain\" stroke=\"#000\" d=\"M0.5,6V0.5H640.5V6\"></path><g class=\"tick\" opacity=\"1\" transform=\"translate(74.5,0)\"><line stroke=\"#000\" y2=\"6\"></line><text fill=\"#000\" y=\"9\" dy=\"0.71em\">3</text></g><g class=\"tick\" opacity=\"1\" transform=\"translate(159.5,0)\"><line stroke=\"#000\" y2=\"6\"></line><text fill=\"#000\" y=\"9\" dy=\"0.71em\">4</text></g><g class=\"tick\" opacity=\"1\" transform=\"translate(245.5,0)\"><line stroke=\"#000\" y2=\"6\"></line><text fill=\"#000\" y=\"9\" dy=\"0.71em\">5</text></g><g class=\"tick\" opacity=\"1\" transform=\"translate(330.5,0)\"><line stroke=\"#000\" y2=\"6\"></line><text fill=\"#000\" y=\"9\" dy=\"0.71em\">6</text></g><g class=\"tick\" opacity=\"1\" transform=\"translate(415.5,0)\"><line stroke=\"#000\" y2=\"6\"></line><text fill=\"#000\" y=\"9\" dy=\"0.71em\">7</text></g><g class=\"tick\" opacity=\"1\" transform=\"translate(501.5,0)\"><line stroke=\"#000\" y2=\"6\"></line><text fill=\"#000\" y=\"9\" dy=\"0.71em\">8</text></g><g class=\"tick\" opacity=\"1\" transform=\"translate(586.5,0)\"><line stroke=\"#000\" y2=\"6\"></line><text fill=\"#000\" y=\"9\" dy=\"0.71em\">9</text></g><text transform=\"translate(640,0)\" dy=\"-0.2rem\" text-anchor=\"end\" class=\"text-truncate\" font-size=\"12px\" style=\"stroke: black;\">Steel Production / Million Tons</text></g><g class=\"axis axis--y\" fill=\"none\" font-size=\"10\" font-family=\"sans-serif\" text-anchor=\"end\"><path class=\"domain\" stroke=\"#000\" d=\"M-6,528.5H0.5V0.5H-6\"></path><g class=\"tick\" opacity=\"1\" transform=\"translate(0,520.5)\"><line stroke=\"#000\" x2=\"-6\"></line><text fill=\"#000\" x=\"-9\" dy=\"0.32em\">5.5</text></g><g class=\"tick\" opacity=\"1\" transform=\"translate(0,473.5)\"><line stroke=\"#000\" x2=\"-6\"></line><text fill=\"#000\" x=\"-9\" dy=\"0.32em\">6.0</text></g><g class=\"tick\" opacity=\"1\" transform=\"translate(0,426.5)\"><line stroke=\"#000\" x2=\"-6\"></line><text fill=\"#000\" x=\"-9\" dy=\"0.32em\">6.5</text></g><g class=\"tick\" opacity=\"1\" transform=\"translate(0,379.5)\"><line stroke=\"#000\" x2=\"-6\"></line><text fill=\"#000\" x=\"-9\" dy=\"0.32em\">7.0</text></g><g class=\"tick\" opacity=\"1\" transform=\"translate(0,332.5)\"><line stroke=\"#000\" x2=\"-6\"></line><text fill=\"#000\" x=\"-9\" dy=\"0.32em\">7.5</text></g><g class=\"tick\" opacity=\"1\" transform=\"translate(0,285.5)\"><line stroke=\"#000\" x2=\"-6\"></line><text fill=\"#000\" x=\"-9\" dy=\"0.32em\">8.0</text></g><g class=\"tick\" opacity=\"1\" transform=\"translate(0,238.5)\"><line stroke=\"#000\" x2=\"-6\"></line><text fill=\"#000\" x=\"-9\" dy=\"0.32em\">8.5</text></g><g class=\"tick\" opacity=\"1\" transform=\"translate(0,191.5)\"><line stroke=\"#000\" x2=\"-6\"></line><text fill=\"#000\" x=\"-9\" dy=\"0.32em\">9.0</text></g><g class=\"tick\" opacity=\"1\" transform=\"translate(0,144.5)\"><line stroke=\"#000\" x2=\"-6\"></line><text fill=\"#000\" x=\"-9\" dy=\"0.32em\">9.5</text></g><g class=\"tick\" opacity=\"1\" transform=\"translate(0,97.5)\"><line stroke=\"#000\" x2=\"-6\"></line><text fill=\"#000\" x=\"-9\" dy=\"0.32em\">10.0</text></g><g class=\"tick\" opacity=\"1\" transform=\"translate(0,50.5)\"><line stroke=\"#000\" x2=\"-6\"></line><text fill=\"#000\" x=\"-9\" dy=\"0.32em\">10.5</text></g><g class=\"tick\" opacity=\"1\" transform=\"translate(0,3.5)\"><line stroke=\"#000\" x2=\"-6\"></line><text fill=\"#000\" x=\"-9\" dy=\"0.32em\">11.0</text></g><text transform=\"rotate(-90)\" y=\"6\" dy=\"0.71em\" text-anchor=\"end\" font-size=\"12px\" style=\"stroke: black;\">Electric Energy Consumption / TWh</text></g><circle class=\"circle elements ordinary\" id=\"0\" q1=\"7.445801336634709\" q0=\"4.369778550376244\" cx=\"191\" cy=\"337\" r=\"0.5vh\" alpha=\"0.5\"></circle><circle class=\"circle elements ordinary\" id=\"1\" q1=\"7.272053577432899\" q0=\"4.230418780881794\" cx=\"179\" cy=\"353\" r=\"0.5vh\" alpha=\"0.5\"></circle><circle class=\"circle elements ordinary\" id=\"2\" q1=\"7.02689195243201\" q0=\"4.387030415361152\" cx=\"192\" cy=\"376\" r=\"0.5vh\" alpha=\"0.5\"></circle><circle class=\"circle elements ordinary\" id=\"3\" q1=\"6.924621530627348\" q0=\"3.2748683437441155\" cx=\"98\" cy=\"386\" r=\"0.5vh\" alpha=\"0.5\"></circle><circle class=\"circle elements ordinary\" id=\"4\" q1=\"6.623197939185348\" q0=\"3.877105996531647\" cx=\"149\" cy=\"414\" r=\"0.5vh\" alpha=\"0.5\"></circle><circle class=\"circle elements ordinary\" id=\"5\" q1=\"7.433795078305273\" q0=\"5.17205746614367\" cx=\"259\" cy=\"338\" r=\"0.5vh\" alpha=\"0.5\"></circle><circle class=\"circle elements ordinary\" id=\"6\" q1=\"6.71357007173469\" q0=\"3.129933006464462\" cx=\"85\" cy=\"406\" r=\"0.5vh\" alpha=\"0.5\"></circle><circle class=\"circle elements ordinary\" id=\"7\" q1=\"6.415252561474767\" q0=\"4.34650749046252\" cx=\"189\" cy=\"434\" r=\"0.5vh\" alpha=\"0.5\"></circle><circle class=\"circle elements ordinary\" id=\"8\" q1=\"6.6068046231972595\" q0=\"4.827296801536458\" cx=\"230\" cy=\"416\" r=\"0.5vh\" alpha=\"0.5\"></circle><circle class=\"circle elements ordinary\" id=\"9\" q1=\"6.889895517000209\" q0=\"5.00557932529531\" cx=\"245\" cy=\"389\" r=\"0.5vh\" alpha=\"0.5\"></circle><circle class=\"circle elements ordinary\" id=\"10\" q1=\"6.90494441127366\" q0=\"4.00480419504111\" cx=\"160\" cy=\"388\" r=\"0.5vh\" alpha=\"0.5\"></circle><circle class=\"circle elements ordinary\" id=\"11\" q1=\"7.384753069974094\" q0=\"4.317645286857532\" cx=\"187\" cy=\"343\" r=\"0.5vh\" alpha=\"0.5\"></circle><circle class=\"circle elements ordinary\" id=\"12\" q1=\"6.599497789658711\" q0=\"4.498710499977348\" cx=\"202\" cy=\"417\" r=\"0.5vh\" alpha=\"0.5\"></circle><circle class=\"circle elements ordinary\" id=\"13\" q1=\"6.705635369239154\" q0=\"3.825820050394673\" cx=\"145\" cy=\"407\" r=\"0.5vh\" alpha=\"0.5\"></circle><circle class=\"circle elements ordinary\" id=\"14\" q1=\"6.526544209412249\" q0=\"3.328774807737947\" cx=\"102\" cy=\"423\" r=\"0.5vh\" alpha=\"0.5\"></circle><circle class=\"circle elements ordinary\" id=\"15\" q1=\"7.462721275702332\" q0=\"4.077210184339225\" cx=\"166\" cy=\"335\" r=\"0.5vh\" alpha=\"0.5\"></circle><circle class=\"circle elements ordinary\" id=\"16\" q1=\"6.568165358112083\" q0=\"4.215258802164284\" cx=\"178\" cy=\"420\" r=\"0.5vh\" alpha=\"0.5\"></circle><circle class=\"circle elements ordinary\" id=\"17\" q1=\"6.582795852050954\" q0=\"3.5353612741889284\" cx=\"120\" cy=\"418\" r=\"0.5vh\" alpha=\"0.5\"></circle><circle class=\"circle elements ordinary\" id=\"18\" q1=\"6.532949332964177\" q0=\"3.40285049188637\" cx=\"109\" cy=\"423\" r=\"0.5vh\" alpha=\"0.5\"></circle><circle class=\"circle elements ordinary\" id=\"19\" q1=\"6.721364761069297\" q0=\"4.172263895816627\" cx=\"174\" cy=\"405\" r=\"0.5vh\" alpha=\"0.5\"></circle><circle class=\"circle elements ordinary\" id=\"20\" q1=\"6.9293114299904275\" q0=\"4.399164537688922\" cx=\"194\" cy=\"386\" r=\"0.5vh\" alpha=\"0.5\"></circle><circle class=\"circle elements ordinary\" id=\"21\" q1=\"7.670806698655138\" q0=\"4.135243230302778\" cx=\"171\" cy=\"316\" r=\"0.5vh\" alpha=\"0.5\"></circle><circle class=\"circle elements ordinary\" id=\"22\" q1=\"6.973494270977877\" q0=\"4.991765251930149\" cx=\"244\" cy=\"381\" r=\"0.5vh\" alpha=\"0.5\"></circle><circle class=\"circle elements ordinary\" id=\"23\" q1=\"6.99768865012508\" q0=\"5.231592500731127\" cx=\"265\" cy=\"379\" r=\"0.5vh\" alpha=\"0.5\"></circle><circle class=\"circle elements ordinary\" id=\"24\" q1=\"6.469377725915577\" q0=\"4.5211724287612824\" cx=\"204\" cy=\"429\" r=\"0.5vh\" alpha=\"0.5\"></circle><circle class=\"circle elements ordinary\" id=\"25\" q1=\"6.486945652859071\" q0=\"4.279945081329741\" cx=\"183\" cy=\"427\" r=\"0.5vh\" alpha=\"0.5\"></circle><circle class=\"circle elements ordinary\" id=\"26\" q1=\"6.444213219582624\" q0=\"5.222007099306619\" cx=\"264\" cy=\"431\" r=\"0.5vh\" alpha=\"0.5\"></circle><circle class=\"circle elements ordinary\" id=\"27\" q1=\"7.051527623442864\" q0=\"3.649513942417366\" cx=\"130\" cy=\"374\" r=\"0.5vh\" alpha=\"0.5\"></circle><circle class=\"circle elements ordinary\" id=\"28\" q1=\"6.567345446733861\" q0=\"4.358520008822609\" cx=\"190\" cy=\"420\" r=\"0.5vh\" alpha=\"0.5\"></circle><circle class=\"circle elements ordinary\" id=\"29\" q1=\"10.0087879402744\" q0=\"8.37235488021349\" cx=\"532\" cy=\"96\" r=\"0.5vh\" alpha=\"0.5\"></circle><circle class=\"circle elements ordinary\" id=\"30\" q1=\"10.029067550429323\" q0=\"8.485404460139012\" cx=\"542\" cy=\"94\" r=\"0.5vh\" alpha=\"0.5\"></circle><circle class=\"circle elements ordinary\" id=\"31\" q1=\"10.016406355713329\" q0=\"8.634188063247592\" cx=\"555\" cy=\"95\" r=\"0.5vh\" alpha=\"0.5\"></circle><text class=\"title\" text-anchor=\"middle\" font-size=\"23.759999999999998\" x=\"320\" y=\"-31.68\">The Relation of Steel Production and Electric Energy Consumption</text></g></svg>\n\n        "}}