{"user_name":"cqq","total_number":"0","pre_gen_focus":[{"focus_id":[0,1,2,3,4,5,6,7,8,9,10,11,12,13,14,15,16,17,18,19,20],"compare_id":[21,22,23],"type":"cluster"},{"focus_id":[21,22,23],"compare_id":[0,1,2,3,4,5,6,7,8,9,10,11,12,13,14,15,16,17,18,19,20],"type":"outlier"}],"sentences":[{"focus_id":[0,1,2,3,4,5,6,7,8,9,10,11,12,13,14,15,16,17,18,19,20],"compare_id":[21,22,23],"type":"cluster","sentence":"cluster"},{"focus_id":[21,22,23],"compare_id":[0,1,2,3,4,5,6,7,8,9,10,11,12,13,14,15,16,17,18,19,20],"type":"outlier","sentence":"outlier"}],"data":{"title":"The Relation of GDP Growth and Electric Energy Consumption","unit":"billion","data_array":[{"q0":5.421738386133785,"q1":5.112407529667892,"c0":0,"id":0},{"q0":4.98642607465923,"q1":4.918103278479415,"c0":0,"id":1},{"q0":5.078888578599386,"q1":5.465369427885022,"c0":0,"id":2},{"q0":5.255619161952434,"q1":4.792574126027587,"c0":0,"id":3},{"q0":5.169390277447361,"q1":4.729992935571433,"c0":0,"id":4},{"q0":4.884200217888779,"q1":4.805943053624042,"c0":0,"id":5},{"q0":4.659368734502862,"q1":4.838077082882602,"c0":0,"id":6},{"q0":5.242117974219646,"q1":4.66776322205707,"c0":0,"id":7},{"q0":5.846624293234246,"q1":5.4524604807553505,"c0":0,"id":8},{"q0":5.472827642009326,"q1":4.747226721545758,"c0":0,"id":9},{"q0":4.665328270707424,"q1":5.32445016425391,"c0":0,"id":10},{"q0":5.152075755982805,"q1":4.718633304595735,"c0":0,"id":11},{"q0":5.260804362648686,"q1":4.694216082573088,"c0":0,"id":12},{"q0":5.535511254435442,"q1":4.762409803634987,"c0":0,"id":13},{"q0":5.85154083496726,"q1":4.675888819228466,"c0":0,"id":14},{"q0":5.234144759767604,"q1":4.8899424476629365,"c0":0,"id":15},{"q0":5.601321260785287,"q1":4.876142923167097,"c0":0,"id":16},{"q0":4.819243439503223,"q1":5.26790017149831,"c0":0,"id":17},{"q0":5.628408260079826,"q1":5.044467829047571,"c0":0,"id":18},{"q0":6.103913125074232,"q1":4.830314629536239,"c0":0,"id":19},{"q0":4.707013137153595,"q1":5.209088696452746,"c0":0,"id":20},{"q0":8.220542888389447,"q1":8.843304045747196,"c0":0,"id":21},{"q0":7.967684280926346,"q1":8.884656061518722,"c0":0,"id":22},{"q0":8.051098763890716,"q1":8.903440814289254,"c0":0,"id":23}],"co":["Japan"],"type":"cqq","color":["#fb8072"],"vis_type":"load_scatter_plot","major_name":"q0","second_name":"q1","major_dim":"q0","second_dim":"q1","unit1":"GDP Growth / %","unit2":"Electric Energy Consumption / TWh","svg_string":"\n          <h5 id=\"chart-title\" class=\"text-center mb-0\"></h5>\n          <svg id=\"mySvg\" viewBox=\"0 0 800 660\" preserveAspectRatio=\"xMidYMid meet\" height=\"776\" width=\"1002.25\">\n            <defs>\n            <filter id=\"blue-shadow\">\n            <feDropShadow dx=\"3\" dy=\"3\" stdDeviation=\"3\" flood-color=\"#0080e0\" flood-opacity=\"50%\"></feDropShadow>\n            </filter>\n            </defs>\n\n            <defs>\n            <filter id=\"red-shadow\">\n            <feDropShadow dx=\"3\" dy=\"3\" stdDeviation=\"3\" flood-color=\"#fa1919\" flood-opacity=\"50%\"></feDropShadow>\n            </filter>\n            </defs>\n\n            <defs>\n            <filter id=\"ordinary-shadow\">\n            <feDropShadow dx=\"2.5\" dy=\"3\" stdDeviation=\"1\" flood-color=\"grey\" flood-opacity=\"50%\"></feDropShadow>\n            </filter>\n            </defs>\n          <g transform=\"translate(80,66)\"><g class=\"brush\"></g><g class=\"axis axis--x\" transform=\"translate(0,528)\" fill=\"none\" font-size=\"10\" font-family=\"sans-serif\" text-anchor=\"middle\"><path class=\"domain\" stroke=\"#000\" d=\"M0.5,6V0.5H640.5V6\"></path><g class=\"tick\" opacity=\"1\" transform=\"translate(39.5,0)\"><line stroke=\"#000\" y2=\"6\"></line><text fill=\"#000\" y=\"9\" dy=\"0.71em\">4.0</text></g><g class=\"tick\" opacity=\"1\" transform=\"translate(97.5,0)\"><line stroke=\"#000\" y2=\"6\"></line><text fill=\"#000\" y=\"9\" dy=\"0.71em\">4.5</text></g><g class=\"tick\" opacity=\"1\" transform=\"translate(154.5,0)\"><line stroke=\"#000\" y2=\"6\"></line><text fill=\"#000\" y=\"9\" dy=\"0.71em\">5.0</text></g><g class=\"tick\" opacity=\"1\" transform=\"translate(212.5,0)\"><line stroke=\"#000\" y2=\"6\"></line><text fill=\"#000\" y=\"9\" dy=\"0.71em\">5.5</text></g><g class=\"tick\" opacity=\"1\" transform=\"translate(269.5,0)\"><line stroke=\"#000\" y2=\"6\"></line><text fill=\"#000\" y=\"9\" dy=\"0.71em\">6.0</text></g><g class=\"tick\" opacity=\"1\" transform=\"translate(327.5,0)\"><line stroke=\"#000\" y2=\"6\"></line><text fill=\"#000\" y=\"9\" dy=\"0.71em\">6.5</text></g><g class=\"tick\" opacity=\"1\" transform=\"translate(384.5,0)\"><line stroke=\"#000\" y2=\"6\"></line><text fill=\"#000\" y=\"9\" dy=\"0.71em\">7.0</text></g><g class=\"tick\" opacity=\"1\" transform=\"translate(442.5,0)\"><line stroke=\"#000\" y2=\"6\"></line><text fill=\"#000\" y=\"9\" dy=\"0.71em\">7.5</text></g><g class=\"tick\" opacity=\"1\" transform=\"translate(500.5,0)\"><line stroke=\"#000\" y2=\"6\"></line><text fill=\"#000\" y=\"9\" dy=\"0.71em\">8.0</text></g><g class=\"tick\" opacity=\"1\" transform=\"translate(557.5,0)\"><line stroke=\"#000\" y2=\"6\"></line><text fill=\"#000\" y=\"9\" dy=\"0.71em\">8.5</text></g><g class=\"tick\" opacity=\"1\" transform=\"translate(615.5,0)\"><line stroke=\"#000\" y2=\"6\"></line><text fill=\"#000\" y=\"9\" dy=\"0.71em\">9.0</text></g><text transform=\"translate(640,0)\" dy=\"-0.2rem\" text-anchor=\"end\" class=\"text-truncate\" font-size=\"12px\" style=\"stroke: black;\">GDP Growth / %</text></g><g class=\"axis axis--y\" fill=\"none\" font-size=\"10\" font-family=\"sans-serif\" text-anchor=\"end\"><path class=\"domain\" stroke=\"#000\" d=\"M-6,528.5H0.5V0.5H-6\"></path><g class=\"tick\" opacity=\"1\" transform=\"translate(0,500.5)\"><line stroke=\"#000\" x2=\"-6\"></line><text fill=\"#000\" x=\"-9\" dy=\"0.32em\">4.0</text></g><g class=\"tick\" opacity=\"1\" transform=\"translate(0,458.5)\"><line stroke=\"#000\" x2=\"-6\"></line><text fill=\"#000\" x=\"-9\" dy=\"0.32em\">4.5</text></g><g class=\"tick\" opacity=\"1\" transform=\"translate(0,415.5)\"><line stroke=\"#000\" x2=\"-6\"></line><text fill=\"#000\" x=\"-9\" dy=\"0.32em\">5.0</text></g><g class=\"tick\" opacity=\"1\" transform=\"translate(0,373.5)\"><line stroke=\"#000\" x2=\"-6\"></line><text fill=\"#000\" x=\"-9\" dy=\"0.32em\">5.5</text></g><g class=\"tick\" opacity=\"1\" transform=\"translate(0,331.5)\"><line stroke=\"#000\" x2=\"-6\"></line><text fill=\"#000\" x=\"-9\" dy=\"0.32em\">6.0</text></g><g class=\"tick\" opacity=\"1\" transform=\"translate(0,288.5)\"><line stroke=\"#000\" x2=\"-6\"></line><text fill=\"#000\" x=\"-9\" dy=\"0.32em\">6.5</text></g><g class=\"tick\" opacity=\"1\" transform=\"translate(0,246.5)\"><line stroke=\"#000\" x2=\"-6\"></line><text fill=\"#000\" x=\"-9\" dy=\"0.32em\">7.0</text></g><g class=\"tick\" opacity=\"1\" transform=\"translate(0,204.5)\"><line stroke=\"#000\" x2=\"-6\"></line><text fill=\"#000\" x=\"-9\" dy=\"0.32em\">7.5</text></g><g class=\"tick\" opacity=\"1\" transform=\"translate(0,161.5)\"><line stroke=\"#000\" x2=\"-6\"></line><text fill=\"#000\" x=\"-9\" dy=\"0.32em\">8.0</text></g><g class=\"tick\" opacity=\"1\" transform=\"translate(0,119.5)\"><line stroke=\"#000\" x2=\"-6\"></line><text fill=\"#000\" x=\"-9\" dy=\"0.32em\">8.5</text></g><g class=\"tick\" opacity=\"1\" transform=\"translate(0,76.5)\"><line stroke=\"#000\" x2=\"-6\"></line><text fill=\"#000\" x=\"-9\" dy=\"0.32em\">9.0</text></g><g class=\"tick\" opacity=\"1\" transform=\"translate(0,34.5)\"><line stroke=\"#000\" x2=\"-6\"></line><text fill=\"#000\" x=\"-9\" dy=\"0.32em\">9.5</text></g><text transform=\"rotate(-90)\" y=\"6\" dy=\"0.71em\" text-anchor=\"end\" font-size=\"12px\" style=\"stroke: black;\">Electric Energy Consumption / TWh</text></g><circle class=\"circle elements ordinary\" id=\"0\" q1=\"5.112407529667892\" q0=\"5.421738386133785\" cx=\"203\" cy=\"406\" r=\"0.5vh\" alpha=\"0.5\"></circle><circle class=\"circle elements ordinary\" id=\"1\" q1=\"4.918103278479415\" q0=\"4.98642607465923\" cx=\"153\" cy=\"422\" r=\"0.5vh\" alpha=\"0.5\"></circle><circle class=\"circle elements ordinary\" id=\"2\" q1=\"5.465369427885022\" q0=\"5.078888578599386\" cx=\"163\" cy=\"376\" r=\"0.5vh\" alpha=\"0.5\"></circle><circle class=\"circle elements ordinary\" id=\"3\" q1=\"4.792574126027587\" q0=\"5.255619161952434\" cx=\"184\" cy=\"433\" r=\"0.5vh\" alpha=\"0.5\"></circle><circle class=\"circle elements ordinary\" id=\"4\" q1=\"4.729992935571433\" q0=\"5.169390277447361\" cx=\"174\" cy=\"438\" r=\"0.5vh\" alpha=\"0.5\"></circle><circle class=\"circle elements ordinary\" id=\"5\" q1=\"4.805943053624042\" q0=\"4.884200217888779\" cx=\"141\" cy=\"432\" r=\"0.5vh\" alpha=\"0.5\"></circle><circle class=\"circle elements ordinary\" id=\"6\" q1=\"4.838077082882602\" q0=\"4.659368734502862\" cx=\"115\" cy=\"429\" r=\"0.5vh\" alpha=\"0.5\"></circle><circle class=\"circle elements ordinary\" id=\"7\" q1=\"4.66776322205707\" q0=\"5.242117974219646\" cx=\"182\" cy=\"443\" r=\"0.5vh\" alpha=\"0.5\"></circle><circle class=\"circle elements ordinary\" id=\"8\" q1=\"5.4524604807553505\" q0=\"5.846624293234246\" cx=\"252\" cy=\"377\" r=\"0.5vh\" alpha=\"0.5\"></circle><circle class=\"circle elements ordinary\" id=\"9\" q1=\"4.747226721545758\" q0=\"5.472827642009326\" cx=\"209\" cy=\"437\" r=\"0.5vh\" alpha=\"0.5\"></circle><circle class=\"circle elements ordinary\" id=\"10\" q1=\"5.32445016425391\" q0=\"4.665328270707424\" cx=\"116\" cy=\"388\" r=\"0.5vh\" alpha=\"0.5\"></circle><circle class=\"circle elements ordinary\" id=\"11\" q1=\"4.718633304595735\" q0=\"5.152075755982805\" cx=\"172\" cy=\"439\" r=\"0.5vh\" alpha=\"0.5\"></circle><circle class=\"circle elements ordinary\" id=\"12\" q1=\"4.694216082573088\" q0=\"5.260804362648686\" cx=\"184\" cy=\"441\" r=\"0.5vh\" alpha=\"0.5\"></circle><circle class=\"circle elements ordinary\" id=\"13\" q1=\"4.762409803634987\" q0=\"5.535511254435442\" cx=\"216\" cy=\"435\" r=\"0.5vh\" alpha=\"0.5\"></circle><circle class=\"circle elements ordinary\" id=\"14\" q1=\"4.675888819228466\" q0=\"5.85154083496726\" cx=\"252\" cy=\"443\" r=\"0.5vh\" alpha=\"0.5\"></circle><circle class=\"circle elements ordinary\" id=\"15\" q1=\"4.8899424476629365\" q0=\"5.234144759767604\" cx=\"181\" cy=\"425\" r=\"0.5vh\" alpha=\"0.5\"></circle><circle class=\"circle elements ordinary\" id=\"16\" q1=\"4.876142923167097\" q0=\"5.601321260785287\" cx=\"223\" cy=\"426\" r=\"0.5vh\" alpha=\"0.5\"></circle><circle class=\"circle elements ordinary\" id=\"17\" q1=\"5.26790017149831\" q0=\"4.819243439503223\" cx=\"133\" cy=\"393\" r=\"0.5vh\" alpha=\"0.5\"></circle><circle class=\"circle elements ordinary\" id=\"18\" q1=\"5.044467829047571\" q0=\"5.628408260079826\" cx=\"227\" cy=\"411\" r=\"0.5vh\" alpha=\"0.5\"></circle><circle class=\"circle elements ordinary\" id=\"19\" q1=\"4.830314629536239\" q0=\"6.103913125074232\" cx=\"281\" cy=\"430\" r=\"0.5vh\" alpha=\"0.5\"></circle><circle class=\"circle elements ordinary\" id=\"20\" q1=\"5.209088696452746\" q0=\"4.707013137153595\" cx=\"121\" cy=\"397\" r=\"0.5vh\" alpha=\"0.5\"></circle><circle class=\"circle elements ordinary\" id=\"21\" q1=\"8.843304045747196\" q0=\"8.220542888389447\" cx=\"525\" cy=\"90\" r=\"0.5vh\" alpha=\"0.5\"></circle><circle class=\"circle elements ordinary\" id=\"22\" q1=\"8.884656061518722\" q0=\"7.967684280926346\" cx=\"496\" cy=\"86\" r=\"0.5vh\" alpha=\"0.5\"></circle><circle class=\"circle elements ordinary\" id=\"23\" q1=\"8.903440814289254\" q0=\"8.051098763890716\" cx=\"505\" cy=\"85\" r=\"0.5vh\" alpha=\"0.5\"></circle><text class=\"title\" text-anchor=\"middle\" font-size=\"23.759999999999998\" x=\"320\" y=\"-31.68\">The Relation of GDP Growth and Electric Energy Consumption</text></g></svg>\n\n        "}}