{"user_name":"cqq","total_number":"0","pre_gen_focus":[{"focus_id":[0,1,2,3,4,5,6,7,8,9,10,11,12,13,14,15,16,17,18,19,20,21,22,23,24,25],"compare_id":[26,27,28],"type":"cluster"},{"focus_id":[26,27,28],"compare_id":[0,1,2,3,4,5,6,7,8,9,10,11,12,13,14,15,16,17,18,19,20,21,22,23,24,25],"type":"outlier"}],"sentences":[{"focus_id":[0,1,2,3,4,5,6,7,8,9,10,11,12,13,14,15,16,17,18,19,20,21,22,23,24,25],"compare_id":[26,27,28],"type":"cluster","sentence":"cluster"},{"focus_id":[26,27,28],"compare_id":[0,1,2,3,4,5,6,7,8,9,10,11,12,13,14,15,16,17,18,19,20,21,22,23,24,25],"type":"outlier","sentence":"outlier"}],"data":{"title":"The Relation of GDP and Oil Consumption","unit":"billion","data_array":[{"q0":6.025878554419305,"q1":6.974667461332623,"c0":0,"id":0},{"q0":7.6798265828601995,"q1":7.0216318822927,"c0":0,"id":1},{"q0":5.348762276657684,"q1":7.7078385495239194,"c0":0,"id":2},{"q0":7.663227952887922,"q1":7.062581445559021,"c0":0,"id":3},{"q0":6.139932116908146,"q1":7.472180088609091,"c0":0,"id":4},{"q0":7.637239361313126,"q1":7.1995420753472334,"c0":0,"id":5},{"q0":7.065774922893951,"q1":7.8129735858619975,"c0":0,"id":6},{"q0":5.786445824173316,"q1":7.079511955025017,"c0":0,"id":7},{"q0":5.8570406855036765,"q1":7.106284429574533,"c0":0,"id":8},{"q0":6.374601413843142,"q1":7.677617394160926,"c0":0,"id":9},{"q0":5.776779919504504,"q1":7.372108341981471,"c0":0,"id":10},{"q0":5.664243470147077,"q1":7.824536999625658,"c0":0,"id":11},{"q0":5.964039031197835,"q1":6.9795714836965415,"c0":0,"id":12},{"q0":6.168092477165835,"q1":7.183523225080386,"c0":0,"id":13},{"q0":6.150582868166249,"q1":7.004067597997352,"c0":0,"id":14},{"q0":5.913005672459256,"q1":6.975693460173722,"c0":0,"id":15},{"q0":5.447136693266055,"q1":8.301733120941352,"c0":0,"id":16},{"q0":4.511374030731078,"q1":7.9709876869294245,"c0":0,"id":17},{"q0":5.895058664484796,"q1":8.348495374199036,"c0":0,"id":18},{"q0":5.070946818987404,"q1":7.502096379132475,"c0":0,"id":19},{"q0":6.229594787800572,"q1":7.7186931191313715,"c0":0,"id":20},{"q0":5.712861553869998,"q1":7.369544836792246,"c0":0,"id":21},{"q0":6.741974432296129,"q1":7.110621048393388,"c0":0,"id":22},{"q0":6.89169917182865,"q1":7.432245009420835,"c0":0,"id":23},{"q0":6.342549819238253,"q1":7.273208507071893,"c0":0,"id":24},{"q0":6.505801647567888,"q1":7.040230235366162,"c0":0,"id":25},{"q0":2.154439144128818,"q1":2.3099697162569255,"c0":0,"id":26},{"q0":1.9758705151095273,"q1":2.319891446177894,"c0":0,"id":27},{"q0":2.1701901502905394,"q1":2.316225229928392,"c0":0,"id":28}],"co":["Japan"],"type":"cqq","color":["#fb8072"],"vis_type":"load_scatter_plot","major_name":"q0","second_name":"q1","major_dim":"q0","second_dim":"q1","unit1":"GDP / Billion","unit2":"Oil Consumption / Billion Barrels","svg_string":"\n          <h5 id=\"chart-title\" class=\"text-center mb-0\"></h5>\n          <svg id=\"mySvg\" viewBox=\"0 0 800 660\" preserveAspectRatio=\"xMidYMid meet\" height=\"736.8000000000001\" width=\"1002.25\">\n            <defs>\n            <filter id=\"blue-shadow\">\n            <feDropShadow dx=\"3\" dy=\"3\" stdDeviation=\"3\" flood-color=\"#0080e0\" flood-opacity=\"50%\"></feDropShadow>\n            </filter>\n            </defs>\n\n            <defs>\n            <filter id=\"red-shadow\">\n            <feDropShadow dx=\"3\" dy=\"3\" stdDeviation=\"3\" flood-color=\"#fa1919\" flood-opacity=\"50%\"></feDropShadow>\n            </filter>\n            </defs>\n\n            <defs>\n            <filter id=\"ordinary-shadow\">\n            <feDropShadow dx=\"2.5\" dy=\"3\" stdDeviation=\"1\" flood-color=\"grey\" flood-opacity=\"50%\"></feDropShadow>\n            </filter>\n            </defs>\n          <g transform=\"translate(80,66)\"><g class=\"brush\"></g><g class=\"axis axis--x\" transform=\"translate(0,528)\" fill=\"none\" font-size=\"10\" font-family=\"sans-serif\" text-anchor=\"middle\"><path class=\"domain\" stroke=\"#000\" d=\"M0.5,6V0.5H640.5V6\"></path><g class=\"tick\" opacity=\"1\" transform=\"translate(2.5,0)\"><line stroke=\"#000\" y2=\"6\"></line><text fill=\"#000\" y=\"9\" dy=\"0.71em\">1</text></g><g class=\"tick\" opacity=\"1\" transform=\"translate(85.5,0)\"><line stroke=\"#000\" y2=\"6\"></line><text fill=\"#000\" y=\"9\" dy=\"0.71em\">2</text></g><g class=\"tick\" opacity=\"1\" transform=\"translate(168.5,0)\"><line stroke=\"#000\" y2=\"6\"></line><text fill=\"#000\" y=\"9\" dy=\"0.71em\">3</text></g><g class=\"tick\" opacity=\"1\" transform=\"translate(251.5,0)\"><line stroke=\"#000\" y2=\"6\"></line><text fill=\"#000\" y=\"9\" dy=\"0.71em\">4</text></g><g class=\"tick\" opacity=\"1\" transform=\"translate(334.5,0)\"><line stroke=\"#000\" y2=\"6\"></line><text fill=\"#000\" y=\"9\" dy=\"0.71em\">5</text></g><g class=\"tick\" opacity=\"1\" transform=\"translate(417.5,0)\"><line stroke=\"#000\" y2=\"6\"></line><text fill=\"#000\" y=\"9\" dy=\"0.71em\">6</text></g><g class=\"tick\" opacity=\"1\" transform=\"translate(500.5,0)\"><line stroke=\"#000\" y2=\"6\"></line><text fill=\"#000\" y=\"9\" dy=\"0.71em\">7</text></g><g class=\"tick\" opacity=\"1\" transform=\"translate(584.5,0)\"><line stroke=\"#000\" y2=\"6\"></line><text fill=\"#000\" y=\"9\" dy=\"0.71em\">8</text></g><text transform=\"translate(640,0)\" dy=\"-0.2rem\" text-anchor=\"end\" class=\"text-truncate\" font-size=\"12px\" style=\"stroke: black;\">GDP / Billion</text></g><g class=\"axis axis--y\" fill=\"none\" font-size=\"10\" font-family=\"sans-serif\" text-anchor=\"end\"><path class=\"domain\" stroke=\"#000\" d=\"M-6,528.5H0.5V0.5H-6\"></path><g class=\"tick\" opacity=\"1\" transform=\"translate(0,483.5)\"><line stroke=\"#000\" x2=\"-6\"></line><text fill=\"#000\" x=\"-9\" dy=\"0.32em\">2</text></g><g class=\"tick\" opacity=\"1\" transform=\"translate(0,417.5)\"><line stroke=\"#000\" x2=\"-6\"></line><text fill=\"#000\" x=\"-9\" dy=\"0.32em\">3</text></g><g class=\"tick\" opacity=\"1\" transform=\"translate(0,351.5)\"><line stroke=\"#000\" x2=\"-6\"></line><text fill=\"#000\" x=\"-9\" dy=\"0.32em\">4</text></g><g class=\"tick\" opacity=\"1\" transform=\"translate(0,286.5)\"><line stroke=\"#000\" x2=\"-6\"></line><text fill=\"#000\" x=\"-9\" dy=\"0.32em\">5</text></g><g class=\"tick\" opacity=\"1\" transform=\"translate(0,220.5)\"><line stroke=\"#000\" x2=\"-6\"></line><text fill=\"#000\" x=\"-9\" dy=\"0.32em\">6</text></g><g class=\"tick\" opacity=\"1\" transform=\"translate(0,154.5)\"><line stroke=\"#000\" x2=\"-6\"></line><text fill=\"#000\" x=\"-9\" dy=\"0.32em\">7</text></g><g class=\"tick\" opacity=\"1\" transform=\"translate(0,89.5)\"><line stroke=\"#000\" x2=\"-6\"></line><text fill=\"#000\" x=\"-9\" dy=\"0.32em\">8</text></g><g class=\"tick\" opacity=\"1\" transform=\"translate(0,23.5)\"><line stroke=\"#000\" x2=\"-6\"></line><text fill=\"#000\" x=\"-9\" dy=\"0.32em\">9</text></g><text transform=\"rotate(-90)\" y=\"6\" dy=\"0.71em\" text-anchor=\"end\" font-size=\"12px\" style=\"stroke: black;\">Oil Consumption / Billion Barrels</text></g><circle class=\"circle elements ordinary\" id=\"0\" q1=\"6.974667461332623\" q0=\"6.025878554419305\" cx=\"420\" cy=\"156\" r=\"0.5vh\" alpha=\"0.5\"></circle><circle class=\"circle elements ordinary\" id=\"1\" q1=\"7.0216318822927\" q0=\"7.6798265828601995\" cx=\"557\" cy=\"153\" r=\"0.5vh\" alpha=\"0.5\"></circle><circle class=\"circle elements ordinary\" id=\"2\" q1=\"7.7078385495239194\" q0=\"5.348762276657684\" cx=\"363\" cy=\"108\" r=\"0.5vh\" alpha=\"0.5\"></circle><circle class=\"circle elements ordinary\" id=\"3\" q1=\"7.062581445559021\" q0=\"7.663227952887922\" cx=\"556\" cy=\"150\" r=\"0.5vh\" alpha=\"0.5\"></circle><circle class=\"circle elements ordinary\" id=\"4\" q1=\"7.472180088609091\" q0=\"6.139932116908146\" cx=\"429\" cy=\"123\" r=\"0.5vh\" alpha=\"0.5\"></circle><circle class=\"circle elements ordinary\" id=\"5\" q1=\"7.1995420753472334\" q0=\"7.637239361313126\" cx=\"553\" cy=\"141\" r=\"0.5vh\" alpha=\"0.5\"></circle><circle class=\"circle elements ordinary\" id=\"6\" q1=\"7.8129735858619975\" q0=\"7.065774922893951\" cx=\"506\" cy=\"101\" r=\"0.5vh\" alpha=\"0.5\"></circle><circle class=\"circle elements ordinary\" id=\"7\" q1=\"7.079511955025017\" q0=\"5.786445824173316\" cx=\"400\" cy=\"149\" r=\"0.5vh\" alpha=\"0.5\"></circle><circle class=\"circle elements ordinary\" id=\"8\" q1=\"7.106284429574533\" q0=\"5.8570406855036765\" cx=\"405\" cy=\"147\" r=\"0.5vh\" alpha=\"0.5\"></circle><circle class=\"circle elements ordinary\" id=\"9\" q1=\"7.677617394160926\" q0=\"6.374601413843142\" cx=\"448\" cy=\"110\" r=\"0.5vh\" alpha=\"0.5\"></circle><circle class=\"circle elements ordinary\" id=\"10\" q1=\"7.372108341981471\" q0=\"5.776779919504504\" cx=\"399\" cy=\"130\" r=\"0.5vh\" alpha=\"0.5\"></circle><circle class=\"circle elements ordinary\" id=\"11\" q1=\"7.824536999625658\" q0=\"5.664243470147077\" cx=\"389\" cy=\"100\" r=\"0.5vh\" alpha=\"0.5\"></circle><circle class=\"circle elements ordinary\" id=\"12\" q1=\"6.9795714836965415\" q0=\"5.964039031197835\" cx=\"414\" cy=\"156\" r=\"0.5vh\" alpha=\"0.5\"></circle><circle class=\"circle elements ordinary\" id=\"13\" q1=\"7.183523225080386\" q0=\"6.168092477165835\" cx=\"431\" cy=\"142\" r=\"0.5vh\" alpha=\"0.5\"></circle><circle class=\"circle elements ordinary\" id=\"14\" q1=\"7.004067597997352\" q0=\"6.150582868166249\" cx=\"430\" cy=\"154\" r=\"0.5vh\" alpha=\"0.5\"></circle><circle class=\"circle elements ordinary\" id=\"15\" q1=\"6.975693460173722\" q0=\"5.913005672459256\" cx=\"410\" cy=\"156\" r=\"0.5vh\" alpha=\"0.5\"></circle><circle class=\"circle elements ordinary\" id=\"16\" q1=\"8.301733120941352\" q0=\"5.447136693266055\" cx=\"371\" cy=\"69\" r=\"0.5vh\" alpha=\"0.5\"></circle><circle class=\"circle elements ordinary\" id=\"17\" q1=\"7.9709876869294245\" q0=\"4.511374030731078\" cx=\"294\" cy=\"90\" r=\"0.5vh\" alpha=\"0.5\"></circle><circle class=\"circle elements ordinary\" id=\"18\" q1=\"8.348495374199036\" q0=\"5.895058664484796\" cx=\"409\" cy=\"66\" r=\"0.5vh\" alpha=\"0.5\"></circle><circle class=\"circle elements ordinary\" id=\"19\" q1=\"7.502096379132475\" q0=\"5.070946818987404\" cx=\"340\" cy=\"121\" r=\"0.5vh\" alpha=\"0.5\"></circle><circle class=\"circle elements ordinary\" id=\"20\" q1=\"7.7186931191313715\" q0=\"6.229594787800572\" cx=\"436\" cy=\"107\" r=\"0.5vh\" alpha=\"0.5\"></circle><circle class=\"circle elements ordinary\" id=\"21\" q1=\"7.369544836792246\" q0=\"5.712861553869998\" cx=\"394\" cy=\"130\" r=\"0.5vh\" alpha=\"0.5\"></circle><circle class=\"circle elements ordinary\" id=\"22\" q1=\"7.110621048393388\" q0=\"6.741974432296129\" cx=\"479\" cy=\"147\" r=\"0.5vh\" alpha=\"0.5\"></circle><circle class=\"circle elements ordinary\" id=\"23\" q1=\"7.432245009420835\" q0=\"6.89169917182865\" cx=\"491\" cy=\"126\" r=\"0.5vh\" alpha=\"0.5\"></circle><circle class=\"circle elements ordinary\" id=\"24\" q1=\"7.273208507071893\" q0=\"6.342549819238253\" cx=\"446\" cy=\"136\" r=\"0.5vh\" alpha=\"0.5\"></circle><circle class=\"circle elements ordinary\" id=\"25\" q1=\"7.040230235366162\" q0=\"6.505801647567888\" cx=\"459\" cy=\"152\" r=\"0.5vh\" alpha=\"0.5\"></circle><circle class=\"circle elements ordinary\" id=\"26\" q1=\"2.3099697162569255\" q0=\"2.154439144128818\" cx=\"98\" cy=\"462\" r=\"0.5vh\" alpha=\"0.5\"></circle><circle class=\"circle elements ordinary\" id=\"27\" q1=\"2.319891446177894\" q0=\"1.9758705151095273\" cx=\"83\" cy=\"462\" r=\"0.5vh\" alpha=\"0.5\"></circle><circle class=\"circle elements ordinary\" id=\"28\" q1=\"2.316225229928392\" q0=\"2.1701901502905394\" cx=\"99\" cy=\"462\" r=\"0.5vh\" alpha=\"0.5\"></circle><text class=\"title\" text-anchor=\"middle\" font-size=\"23.759999999999998\" x=\"320\" y=\"-31.68\">The Relation of GDP and Oil Consumption</text></g></svg>\n\n        "}}