{"user_name":"cqq","total_number":"0","pre_gen_focus":[{"focus_id":[0,1,2,3,4,5,6,7,8,9,10,11,12,13,14,15,16,17,18,19,20,21,22,23],"compare_id":[24],"type":"cluster"},{"focus_id":[24],"compare_id":[0,1,2,3,4,5,6,7,8,9,10,11,12,13,14,15,16,17,18,19,20,21,22,23],"type":"outlier"}],"sentences":[{"focus_id":[0,1,2,3,4,5,6,7,8,9,10,11,12,13,14,15,16,17,18,19,20,21,22,23],"compare_id":[24],"type":"cluster","sentence":"cluster"},{"focus_id":[24],"compare_id":[0,1,2,3,4,5,6,7,8,9,10,11,12,13,14,15,16,17,18,19,20,21,22,23],"type":"outlier","sentence":"outlier"}],"data":{"title":"The Relation of GDP and Oil Consumption","unit":"billion","data_array":[{"q0":4.995516154708516,"q1":5.148293526102864,"c0":0,"id":0},{"q0":5.46997989816252,"q1":4.867033042043927,"c0":0,"id":1},{"q0":6.258004016955315,"q1":4.907335308382901,"c0":0,"id":2},{"q0":5.286219544611284,"q1":5.150015337860231,"c0":0,"id":3},{"q0":6.3691152148561825,"q1":4.961173407746756,"c0":0,"id":4},{"q0":4.875560334277422,"q1":4.934809098186811,"c0":0,"id":5},{"q0":5.6965862030591286,"q1":4.940300134949953,"c0":0,"id":6},{"q0":5.844736313816705,"q1":4.8137335418497935,"c0":0,"id":7},{"q0":5.549439523369292,"q1":5.406227947922045,"c0":0,"id":8},{"q0":5.7618219031938995,"q1":5.350717603601458,"c0":0,"id":9},{"q0":5.220403270536955,"q1":4.826580511182089,"c0":0,"id":10},{"q0":7.333098271453979,"q1":5.53134639564391,"c0":0,"id":11},{"q0":6.998339861987381,"q1":6.038563491526297,"c0":0,"id":12},{"q0":6.8455873671703475,"q1":5.937538959733188,"c0":0,"id":13},{"q0":6.253843559022209,"q1":4.912951107647724,"c0":0,"id":14},{"q0":6.0888021576379305,"q1":6.028860301708228,"c0":0,"id":15},{"q0":6.210930350792556,"q1":5.1427567727913015,"c0":0,"id":16},{"q0":5.953762744097338,"q1":4.963514129109827,"c0":0,"id":17},{"q0":6.422729209957253,"q1":4.902656239729133,"c0":0,"id":18},{"q0":6.421552804826896,"q1":4.828495454337065,"c0":0,"id":19},{"q0":4.67526285177079,"q1":4.952936277470294,"c0":0,"id":20},{"q0":6.311697110581472,"q1":5.194994290600382,"c0":0,"id":21},{"q0":4.976506643585122,"q1":4.839580639070258,"c0":0,"id":22},{"q0":6.513965008194349,"q1":5.068164890787279,"c0":0,"id":23},{"q0":1.4501442872912342,"q1":0.895621756795865,"c0":0,"id":24}],"co":["Japan"],"type":"cqq","color":["#fb8072"],"vis_type":"load_scatter_plot","major_name":"q0","second_name":"q1","major_dim":"q0","second_dim":"q1","unit1":"GDP / Billion","unit2":"Oil Consumption / Billion Barrels","svg_string":"\n          <h5 id=\"chart-title\" class=\"text-center mb-0\"></h5>\n          <svg id=\"mySvg\" viewBox=\"0 0 800 660\" preserveAspectRatio=\"xMidYMid meet\" height=\"736.8000000000001\" width=\"1002.25\">\n            <defs>\n            <filter id=\"blue-shadow\">\n            <feDropShadow dx=\"3\" dy=\"3\" stdDeviation=\"3\" flood-color=\"#0080e0\" flood-opacity=\"50%\"></feDropShadow>\n            </filter>\n            </defs>\n\n            <defs>\n            <filter id=\"red-shadow\">\n            <feDropShadow dx=\"3\" dy=\"3\" stdDeviation=\"3\" flood-color=\"#fa1919\" flood-opacity=\"50%\"></feDropShadow>\n            </filter>\n            </defs>\n\n            <defs>\n            <filter id=\"ordinary-shadow\">\n            <feDropShadow dx=\"2.5\" dy=\"3\" stdDeviation=\"1\" flood-color=\"grey\" flood-opacity=\"50%\"></feDropShadow>\n            </filter>\n            </defs>\n          <g transform=\"translate(80,66)\"><g class=\"brush\"></g><g class=\"axis axis--x\" transform=\"translate(0,528)\" fill=\"none\" font-size=\"10\" font-family=\"sans-serif\" text-anchor=\"middle\"><path class=\"domain\" stroke=\"#000\" d=\"M0.5,6V0.5H640.5V6\"></path><g class=\"tick\" opacity=\"1\" transform=\"translate(45.5,0)\"><line stroke=\"#000\" y2=\"6\"></line><text fill=\"#000\" y=\"9\" dy=\"0.71em\">1</text></g><g class=\"tick\" opacity=\"1\" transform=\"translate(126.5,0)\"><line stroke=\"#000\" y2=\"6\"></line><text fill=\"#000\" y=\"9\" dy=\"0.71em\">2</text></g><g class=\"tick\" opacity=\"1\" transform=\"translate(207.5,0)\"><line stroke=\"#000\" y2=\"6\"></line><text fill=\"#000\" y=\"9\" dy=\"0.71em\">3</text></g><g class=\"tick\" opacity=\"1\" transform=\"translate(288.5,0)\"><line stroke=\"#000\" y2=\"6\"></line><text fill=\"#000\" y=\"9\" dy=\"0.71em\">4</text></g><g class=\"tick\" opacity=\"1\" transform=\"translate(369.5,0)\"><line stroke=\"#000\" y2=\"6\"></line><text fill=\"#000\" y=\"9\" dy=\"0.71em\">5</text></g><g class=\"tick\" opacity=\"1\" transform=\"translate(451.5,0)\"><line stroke=\"#000\" y2=\"6\"></line><text fill=\"#000\" y=\"9\" dy=\"0.71em\">6</text></g><g class=\"tick\" opacity=\"1\" transform=\"translate(532.5,0)\"><line stroke=\"#000\" y2=\"6\"></line><text fill=\"#000\" y=\"9\" dy=\"0.71em\">7</text></g><g class=\"tick\" opacity=\"1\" transform=\"translate(613.5,0)\"><line stroke=\"#000\" y2=\"6\"></line><text fill=\"#000\" y=\"9\" dy=\"0.71em\">8</text></g><text transform=\"translate(640,0)\" dy=\"-0.2rem\" text-anchor=\"end\" class=\"text-truncate\" font-size=\"12px\" style=\"stroke: black;\">GDP / Billion</text></g><g class=\"axis axis--y\" fill=\"none\" font-size=\"10\" font-family=\"sans-serif\" text-anchor=\"end\"><path class=\"domain\" stroke=\"#000\" d=\"M-6,528.5H0.5V0.5H-6\"></path><g class=\"tick\" opacity=\"1\" transform=\"translate(0,520.5)\"><line stroke=\"#000\" x2=\"-6\"></line><text fill=\"#000\" x=\"-9\" dy=\"0.32em\">0</text></g><g class=\"tick\" opacity=\"1\" transform=\"translate(0,446.5)\"><line stroke=\"#000\" x2=\"-6\"></line><text fill=\"#000\" x=\"-9\" dy=\"0.32em\">1</text></g><g class=\"tick\" opacity=\"1\" transform=\"translate(0,372.5)\"><line stroke=\"#000\" x2=\"-6\"></line><text fill=\"#000\" x=\"-9\" dy=\"0.32em\">2</text></g><g class=\"tick\" opacity=\"1\" transform=\"translate(0,299.5)\"><line stroke=\"#000\" x2=\"-6\"></line><text fill=\"#000\" x=\"-9\" dy=\"0.32em\">3</text></g><g class=\"tick\" opacity=\"1\" transform=\"translate(0,225.5)\"><line stroke=\"#000\" x2=\"-6\"></line><text fill=\"#000\" x=\"-9\" dy=\"0.32em\">4</text></g><g class=\"tick\" opacity=\"1\" transform=\"translate(0,151.5)\"><line stroke=\"#000\" x2=\"-6\"></line><text fill=\"#000\" x=\"-9\" dy=\"0.32em\">5</text></g><g class=\"tick\" opacity=\"1\" transform=\"translate(0,77.5)\"><line stroke=\"#000\" x2=\"-6\"></line><text fill=\"#000\" x=\"-9\" dy=\"0.32em\">6</text></g><g class=\"tick\" opacity=\"1\" transform=\"translate(0,3.5)\"><line stroke=\"#000\" x2=\"-6\"></line><text fill=\"#000\" x=\"-9\" dy=\"0.32em\">7</text></g><text transform=\"rotate(-90)\" y=\"6\" dy=\"0.71em\" text-anchor=\"end\" font-size=\"12px\" style=\"stroke: black;\">Oil Consumption / Billion Barrels</text></g><circle class=\"circle elements ordinary\" id=\"0\" q1=\"5.148293526102864\" q0=\"4.995516154708516\" cx=\"369\" cy=\"140\" r=\"0.5vh\" alpha=\"0.5\"></circle><circle class=\"circle elements ordinary\" id=\"1\" q1=\"4.867033042043927\" q0=\"5.46997989816252\" cx=\"408\" cy=\"161\" r=\"0.5vh\" alpha=\"0.5\"></circle><circle class=\"circle elements ordinary\" id=\"2\" q1=\"4.907335308382901\" q0=\"6.258004016955315\" cx=\"472\" cy=\"158\" r=\"0.5vh\" alpha=\"0.5\"></circle><circle class=\"circle elements ordinary\" id=\"3\" q1=\"5.150015337860231\" q0=\"5.286219544611284\" cx=\"393\" cy=\"140\" r=\"0.5vh\" alpha=\"0.5\"></circle><circle class=\"circle elements ordinary\" id=\"4\" q1=\"4.961173407746756\" q0=\"6.3691152148561825\" cx=\"481\" cy=\"154\" r=\"0.5vh\" alpha=\"0.5\"></circle><circle class=\"circle elements ordinary\" id=\"5\" q1=\"4.934809098186811\" q0=\"4.875560334277422\" cx=\"359\" cy=\"156\" r=\"0.5vh\" alpha=\"0.5\"></circle><circle class=\"circle elements ordinary\" id=\"6\" q1=\"4.940300134949953\" q0=\"5.6965862030591286\" cx=\"426\" cy=\"155\" r=\"0.5vh\" alpha=\"0.5\"></circle><circle class=\"circle elements ordinary\" id=\"7\" q1=\"4.8137335418497935\" q0=\"5.844736313816705\" cx=\"438\" cy=\"164\" r=\"0.5vh\" alpha=\"0.5\"></circle><circle class=\"circle elements ordinary\" id=\"8\" q1=\"5.406227947922045\" q0=\"5.549439523369292\" cx=\"414\" cy=\"121\" r=\"0.5vh\" alpha=\"0.5\"></circle><circle class=\"circle elements ordinary\" id=\"9\" q1=\"5.350717603601458\" q0=\"5.7618219031938995\" cx=\"431\" cy=\"125\" r=\"0.5vh\" alpha=\"0.5\"></circle><circle class=\"circle elements ordinary\" id=\"10\" q1=\"4.826580511182089\" q0=\"5.220403270536955\" cx=\"387\" cy=\"164\" r=\"0.5vh\" alpha=\"0.5\"></circle><circle class=\"circle elements ordinary\" id=\"11\" q1=\"5.53134639564391\" q0=\"7.333098271453979\" cx=\"559\" cy=\"111\" r=\"0.5vh\" alpha=\"0.5\"></circle><circle class=\"circle elements ordinary\" id=\"12\" q1=\"6.038563491526297\" q0=\"6.998339861987381\" cx=\"532\" cy=\"74\" r=\"0.5vh\" alpha=\"0.5\"></circle><circle class=\"circle elements ordinary\" id=\"13\" q1=\"5.937538959733188\" q0=\"6.8455873671703475\" cx=\"519\" cy=\"81\" r=\"0.5vh\" alpha=\"0.5\"></circle><circle class=\"circle elements ordinary\" id=\"14\" q1=\"4.912951107647724\" q0=\"6.253843559022209\" cx=\"471\" cy=\"157\" r=\"0.5vh\" alpha=\"0.5\"></circle><circle class=\"circle elements ordinary\" id=\"15\" q1=\"6.028860301708228\" q0=\"6.0888021576379305\" cx=\"458\" cy=\"75\" r=\"0.5vh\" alpha=\"0.5\"></circle><circle class=\"circle elements ordinary\" id=\"16\" q1=\"5.1427567727913015\" q0=\"6.210930350792556\" cx=\"468\" cy=\"140\" r=\"0.5vh\" alpha=\"0.5\"></circle><circle class=\"circle elements ordinary\" id=\"17\" q1=\"4.963514129109827\" q0=\"5.953762744097338\" cx=\"447\" cy=\"153\" r=\"0.5vh\" alpha=\"0.5\"></circle><circle class=\"circle elements ordinary\" id=\"18\" q1=\"4.902656239729133\" q0=\"6.422729209957253\" cx=\"485\" cy=\"158\" r=\"0.5vh\" alpha=\"0.5\"></circle><circle class=\"circle elements ordinary\" id=\"19\" q1=\"4.828495454337065\" q0=\"6.421552804826896\" cx=\"485\" cy=\"163\" r=\"0.5vh\" alpha=\"0.5\"></circle><circle class=\"circle elements ordinary\" id=\"20\" q1=\"4.952936277470294\" q0=\"4.67526285177079\" cx=\"343\" cy=\"154\" r=\"0.5vh\" alpha=\"0.5\"></circle><circle class=\"circle elements ordinary\" id=\"21\" q1=\"5.194994290600382\" q0=\"6.311697110581472\" cx=\"476\" cy=\"136\" r=\"0.5vh\" alpha=\"0.5\"></circle><circle class=\"circle elements ordinary\" id=\"22\" q1=\"4.839580639070258\" q0=\"4.976506643585122\" cx=\"367\" cy=\"163\" r=\"0.5vh\" alpha=\"0.5\"></circle><circle class=\"circle elements ordinary\" id=\"23\" q1=\"5.068164890787279\" q0=\"6.513965008194349\" cx=\"492\" cy=\"146\" r=\"0.5vh\" alpha=\"0.5\"></circle><circle class=\"circle elements ordinary\" id=\"24\" q1=\"0.895621756795865\" q0=\"1.4501442872912342\" cx=\"81\" cy=\"454\" r=\"0.5vh\" alpha=\"0.5\"></circle><text class=\"title\" text-anchor=\"middle\" font-size=\"23.759999999999998\" x=\"320\" y=\"-31.68\">The Relation of GDP and Oil Consumption</text></g></svg>\n\n        "}}