{"user_name":"cqq","total_number":"0","pre_gen_focus":[{"focus_id":[0,1,2,3,4,5,6,7,8,9,10,11,12,13,14,15,16,17,18,19,20,21,22,23,24,25,26,27],"compare_id":[28,29,30],"type":"cluster"},{"focus_id":[28,29,30],"compare_id":[0,1,2,3,4,5,6,7,8,9,10,11,12,13,14,15,16,17,18,19,20,21,22,23,24,25,26,27],"type":"outlier"}],"sentences":[{"focus_id":[0,1,2,3,4,5,6,7,8,9,10,11,12,13,14,15,16,17,18,19,20,21,22,23,24,25,26,27],"compare_id":[28,29,30],"type":"cluster","sentence":"cluster"},{"focus_id":[28,29,30],"compare_id":[0,1,2,3,4,5,6,7,8,9,10,11,12,13,14,15,16,17,18,19,20,21,22,23,24,25,26,27],"type":"outlier","sentence":"outlier"}],"data":{"title":"The Relation of GDP Growth and Electric Energy Consumption","unit":"billion","data_array":[{"q0":5.669482835019469,"q1":6.787081528078166,"c0":0,"id":0},{"q0":5.180035314835716,"q1":6.478877797765382,"c0":0,"id":1},{"q0":5.76220112969937,"q1":6.807634546112444,"c0":0,"id":2},{"q0":4.2963361672526315,"q1":6.865588410573741,"c0":0,"id":3},{"q0":5.075679240128124,"q1":6.488938538434082,"c0":0,"id":4},{"q0":4.832944481215152,"q1":6.911155427229925,"c0":0,"id":5},{"q0":5.204590355216326,"q1":6.500325286936987,"c0":0,"id":6},{"q0":5.234290401472135,"q1":7.221222746791784,"c0":0,"id":7},{"q0":4.638597164302577,"q1":6.829986322157712,"c0":0,"id":8},{"q0":5.225413105059485,"q1":6.790925026218177,"c0":0,"id":9},{"q0":5.002615930613855,"q1":6.565671893698121,"c0":0,"id":10},{"q0":5.736627608808606,"q1":6.914025766643242,"c0":0,"id":11},{"q0":4.7432278085070205,"q1":7.345499118762408,"c0":0,"id":12},{"q0":5.513522069586582,"q1":7.061029513446846,"c0":0,"id":13},{"q0":4.6949522785604545,"q1":7.252425139880515,"c0":0,"id":14},{"q0":4.247670740342352,"q1":6.782329400924939,"c0":0,"id":15},{"q0":5.860465497811175,"q1":6.7017312043208666,"c0":0,"id":16},{"q0":4.8425264818658045,"q1":6.508589034951111,"c0":0,"id":17},{"q0":5.095279315324933,"q1":6.682186277488449,"c0":0,"id":18},{"q0":5.301639114133169,"q1":6.728577789414806,"c0":0,"id":19},{"q0":5.206814311673254,"q1":6.548354274913887,"c0":0,"id":20},{"q0":5.600180747948877,"q1":6.6434964274968165,"c0":0,"id":21},{"q0":5.752707630034516,"q1":7.046265310970772,"c0":0,"id":22},{"q0":5.719714674025004,"q1":7.315213452910427,"c0":0,"id":23},{"q0":5.624189560021816,"q1":6.601860419025674,"c0":0,"id":24},{"q0":5.338808941800882,"q1":6.97612023920917,"c0":0,"id":25},{"q0":5.277832797347297,"q1":6.579317005903285,"c0":0,"id":26},{"q0":5.361523289000201,"q1":7.380307758453508,"c0":0,"id":27},{"q0":6.471544306895625,"q1":1.910701194074906,"c0":0,"id":28},{"q0":6.367872791896614,"q1":1.8998239272464201,"c0":0,"id":29},{"q0":6.4642645926527615,"q1":1.9078683077378236,"c0":0,"id":30}],"co":["Japan"],"type":"cqq","color":["#fb8072"],"vis_type":"load_scatter_plot","major_name":"q0","second_name":"q1","major_dim":"q0","second_dim":"q1","unit1":"GDP Growth / %","unit2":"Electric Energy Consumption / TWh","svg_string":"\n          <h5 id=\"chart-title\" class=\"text-center mb-0\"></h5>\n          <svg id=\"mySvg\" viewBox=\"0 0 800 660\" preserveAspectRatio=\"xMidYMid meet\" height=\"776\" width=\"1002.25\">\n            <defs>\n            <filter id=\"blue-shadow\">\n            <feDropShadow dx=\"3\" dy=\"3\" stdDeviation=\"3\" flood-color=\"#0080e0\" flood-opacity=\"50%\"></feDropShadow>\n            </filter>\n            </defs>\n\n            <defs>\n            <filter id=\"red-shadow\">\n            <feDropShadow dx=\"3\" dy=\"3\" stdDeviation=\"3\" flood-color=\"#fa1919\" flood-opacity=\"50%\"></feDropShadow>\n            </filter>\n            </defs>\n\n            <defs>\n            <filter id=\"ordinary-shadow\">\n            <feDropShadow dx=\"2.5\" dy=\"3\" stdDeviation=\"1\" flood-color=\"grey\" flood-opacity=\"50%\"></feDropShadow>\n            </filter>\n            </defs>\n          <g transform=\"translate(80,66)\"><g class=\"brush\"></g><g class=\"axis axis--x\" transform=\"translate(0,528)\" fill=\"none\" font-size=\"10\" font-family=\"sans-serif\" text-anchor=\"middle\"><path class=\"domain\" stroke=\"#000\" d=\"M0.5,6V0.5H640.5V6\"></path><g class=\"tick\" opacity=\"1\" transform=\"translate(38.5,0)\"><line stroke=\"#000\" y2=\"6\"></line><text fill=\"#000\" y=\"9\" dy=\"0.71em\">3.5</text></g><g class=\"tick\" opacity=\"1\" transform=\"translate(114.5,0)\"><line stroke=\"#000\" y2=\"6\"></line><text fill=\"#000\" y=\"9\" dy=\"0.71em\">4.0</text></g><g class=\"tick\" opacity=\"1\" transform=\"translate(190.5,0)\"><line stroke=\"#000\" y2=\"6\"></line><text fill=\"#000\" y=\"9\" dy=\"0.71em\">4.5</text></g><g class=\"tick\" opacity=\"1\" transform=\"translate(266.5,0)\"><line stroke=\"#000\" y2=\"6\"></line><text fill=\"#000\" y=\"9\" dy=\"0.71em\">5.0</text></g><g class=\"tick\" opacity=\"1\" transform=\"translate(341.5,0)\"><line stroke=\"#000\" y2=\"6\"></line><text fill=\"#000\" y=\"9\" dy=\"0.71em\">5.5</text></g><g class=\"tick\" opacity=\"1\" transform=\"translate(417.5,0)\"><line stroke=\"#000\" y2=\"6\"></line><text fill=\"#000\" y=\"9\" dy=\"0.71em\">6.0</text></g><g class=\"tick\" opacity=\"1\" transform=\"translate(493.5,0)\"><line stroke=\"#000\" y2=\"6\"></line><text fill=\"#000\" y=\"9\" dy=\"0.71em\">6.5</text></g><g class=\"tick\" opacity=\"1\" transform=\"translate(569.5,0)\"><line stroke=\"#000\" y2=\"6\"></line><text fill=\"#000\" y=\"9\" dy=\"0.71em\">7.0</text></g><text transform=\"translate(640,0)\" dy=\"-0.2rem\" text-anchor=\"end\" class=\"text-truncate\" font-size=\"12px\" style=\"stroke: black;\">GDP Growth / %</text></g><g class=\"axis axis--y\" fill=\"none\" font-size=\"10\" font-family=\"sans-serif\" text-anchor=\"end\"><path class=\"domain\" stroke=\"#000\" d=\"M-6,528.5H0.5V0.5H-6\"></path><g class=\"tick\" opacity=\"1\" transform=\"translate(0,521.5)\"><line stroke=\"#000\" x2=\"-6\"></line><text fill=\"#000\" x=\"-9\" dy=\"0.32em\">1</text></g><g class=\"tick\" opacity=\"1\" transform=\"translate(0,450.5)\"><line stroke=\"#000\" x2=\"-6\"></line><text fill=\"#000\" x=\"-9\" dy=\"0.32em\">2</text></g><g class=\"tick\" opacity=\"1\" transform=\"translate(0,380.5)\"><line stroke=\"#000\" x2=\"-6\"></line><text fill=\"#000\" x=\"-9\" dy=\"0.32em\">3</text></g><g class=\"tick\" opacity=\"1\" transform=\"translate(0,309.5)\"><line stroke=\"#000\" x2=\"-6\"></line><text fill=\"#000\" x=\"-9\" dy=\"0.32em\">4</text></g><g class=\"tick\" opacity=\"1\" transform=\"translate(0,239.5)\"><line stroke=\"#000\" x2=\"-6\"></line><text fill=\"#000\" x=\"-9\" dy=\"0.32em\">5</text></g><g class=\"tick\" opacity=\"1\" transform=\"translate(0,168.5)\"><line stroke=\"#000\" x2=\"-6\"></line><text fill=\"#000\" x=\"-9\" dy=\"0.32em\">6</text></g><g class=\"tick\" opacity=\"1\" transform=\"translate(0,97.5)\"><line stroke=\"#000\" x2=\"-6\"></line><text fill=\"#000\" x=\"-9\" dy=\"0.32em\">7</text></g><g class=\"tick\" opacity=\"1\" transform=\"translate(0,27.5)\"><line stroke=\"#000\" x2=\"-6\"></line><text fill=\"#000\" x=\"-9\" dy=\"0.32em\">8</text></g><text transform=\"rotate(-90)\" y=\"6\" dy=\"0.71em\" text-anchor=\"end\" font-size=\"12px\" style=\"stroke: black;\">Electric Energy Consumption / TWh</text></g><circle class=\"circle elements ordinary\" id=\"0\" q1=\"6.787081528078166\" q0=\"5.669482835019469\" cx=\"367\" cy=\"112\" r=\"0.5vh\" alpha=\"0.5\"></circle><circle class=\"circle elements ordinary\" id=\"1\" q1=\"6.478877797765382\" q0=\"5.180035314835716\" cx=\"293\" cy=\"134\" r=\"0.5vh\" alpha=\"0.5\"></circle><circle class=\"circle elements ordinary\" id=\"2\" q1=\"6.807634546112444\" q0=\"5.76220112969937\" cx=\"381\" cy=\"111\" r=\"0.5vh\" alpha=\"0.5\"></circle><circle class=\"circle elements ordinary\" id=\"3\" q1=\"6.865588410573741\" q0=\"4.2963361672526315\" cx=\"159\" cy=\"107\" r=\"0.5vh\" alpha=\"0.5\"></circle><circle class=\"circle elements ordinary\" id=\"4\" q1=\"6.488938538434082\" q0=\"5.075679240128124\" cx=\"277\" cy=\"133\" r=\"0.5vh\" alpha=\"0.5\"></circle><circle class=\"circle elements ordinary\" id=\"5\" q1=\"6.911155427229925\" q0=\"4.832944481215152\" cx=\"240\" cy=\"104\" r=\"0.5vh\" alpha=\"0.5\"></circle><circle class=\"circle elements ordinary\" id=\"6\" q1=\"6.500325286936987\" q0=\"5.204590355216326\" cx=\"297\" cy=\"133\" r=\"0.5vh\" alpha=\"0.5\"></circle><circle class=\"circle elements ordinary\" id=\"7\" q1=\"7.221222746791784\" q0=\"5.234290401472135\" cx=\"301\" cy=\"82\" r=\"0.5vh\" alpha=\"0.5\"></circle><circle class=\"circle elements ordinary\" id=\"8\" q1=\"6.829986322157712\" q0=\"4.638597164302577\" cx=\"211\" cy=\"109\" r=\"0.5vh\" alpha=\"0.5\"></circle><circle class=\"circle elements ordinary\" id=\"9\" q1=\"6.790925026218177\" q0=\"5.225413105059485\" cx=\"300\" cy=\"112\" r=\"0.5vh\" alpha=\"0.5\"></circle><circle class=\"circle elements ordinary\" id=\"10\" q1=\"6.565671893698121\" q0=\"5.002615930613855\" cx=\"266\" cy=\"128\" r=\"0.5vh\" alpha=\"0.5\"></circle><circle class=\"circle elements ordinary\" id=\"11\" q1=\"6.914025766643242\" q0=\"5.736627608808606\" cx=\"377\" cy=\"103\" r=\"0.5vh\" alpha=\"0.5\"></circle><circle class=\"circle elements ordinary\" id=\"12\" q1=\"7.345499118762408\" q0=\"4.7432278085070205\" cx=\"227\" cy=\"73\" r=\"0.5vh\" alpha=\"0.5\"></circle><circle class=\"circle elements ordinary\" id=\"13\" q1=\"7.061029513446846\" q0=\"5.513522069586582\" cx=\"343\" cy=\"93\" r=\"0.5vh\" alpha=\"0.5\"></circle><circle class=\"circle elements ordinary\" id=\"14\" q1=\"7.252425139880515\" q0=\"4.6949522785604545\" cx=\"219\" cy=\"80\" r=\"0.5vh\" alpha=\"0.5\"></circle><circle class=\"circle elements ordinary\" id=\"15\" q1=\"6.782329400924939\" q0=\"4.247670740342352\" cx=\"152\" cy=\"113\" r=\"0.5vh\" alpha=\"0.5\"></circle><circle class=\"circle elements ordinary\" id=\"16\" q1=\"6.7017312043208666\" q0=\"5.860465497811175\" cx=\"396\" cy=\"118\" r=\"0.5vh\" alpha=\"0.5\"></circle><circle class=\"circle elements ordinary\" id=\"17\" q1=\"6.508589034951111\" q0=\"4.8425264818658045\" cx=\"242\" cy=\"132\" r=\"0.5vh\" alpha=\"0.5\"></circle><circle class=\"circle elements ordinary\" id=\"18\" q1=\"6.682186277488449\" q0=\"5.095279315324933\" cx=\"280\" cy=\"120\" r=\"0.5vh\" alpha=\"0.5\"></circle><circle class=\"circle elements ordinary\" id=\"19\" q1=\"6.728577789414806\" q0=\"5.301639114133169\" cx=\"311\" cy=\"117\" r=\"0.5vh\" alpha=\"0.5\"></circle><circle class=\"circle elements ordinary\" id=\"20\" q1=\"6.548354274913887\" q0=\"5.206814311673254\" cx=\"297\" cy=\"129\" r=\"0.5vh\" alpha=\"0.5\"></circle><circle class=\"circle elements ordinary\" id=\"21\" q1=\"6.6434964274968165\" q0=\"5.600180747948877\" cx=\"356\" cy=\"123\" r=\"0.5vh\" alpha=\"0.5\"></circle><circle class=\"circle elements ordinary\" id=\"22\" q1=\"7.046265310970772\" q0=\"5.752707630034516\" cx=\"380\" cy=\"94\" r=\"0.5vh\" alpha=\"0.5\"></circle><circle class=\"circle elements ordinary\" id=\"23\" q1=\"7.315213452910427\" q0=\"5.719714674025004\" cx=\"375\" cy=\"75\" r=\"0.5vh\" alpha=\"0.5\"></circle><circle class=\"circle elements ordinary\" id=\"24\" q1=\"6.601860419025674\" q0=\"5.624189560021816\" cx=\"360\" cy=\"126\" r=\"0.5vh\" alpha=\"0.5\"></circle><circle class=\"circle elements ordinary\" id=\"25\" q1=\"6.97612023920917\" q0=\"5.338808941800882\" cx=\"317\" cy=\"99\" r=\"0.5vh\" alpha=\"0.5\"></circle><circle class=\"circle elements ordinary\" id=\"26\" q1=\"6.579317005903285\" q0=\"5.277832797347297\" cx=\"308\" cy=\"127\" r=\"0.5vh\" alpha=\"0.5\"></circle><circle class=\"circle elements ordinary\" id=\"27\" q1=\"7.380307758453508\" q0=\"5.361523289000201\" cx=\"320\" cy=\"71\" r=\"0.5vh\" alpha=\"0.5\"></circle><circle class=\"circle elements ordinary\" id=\"28\" q1=\"1.910701194074906\" q0=\"6.471544306895625\" cx=\"488\" cy=\"457\" r=\"0.5vh\" alpha=\"0.5\"></circle><circle class=\"circle elements ordinary\" id=\"29\" q1=\"1.8998239272464201\" q0=\"6.367872791896614\" cx=\"473\" cy=\"457\" r=\"0.5vh\" alpha=\"0.5\"></circle><circle class=\"circle elements ordinary\" id=\"30\" q1=\"1.9078683077378236\" q0=\"6.4642645926527615\" cx=\"487\" cy=\"457\" r=\"0.5vh\" alpha=\"0.5\"></circle><text class=\"title\" text-anchor=\"middle\" font-size=\"23.759999999999998\" x=\"320\" y=\"-31.68\">The Relation of GDP Growth and Electric Energy Consumption</text></g></svg>\n\n        "}}