{"user_name":"cqq","total_number":"0","pre_gen_focus":[{"focus_id":[0,1,2,3,4,5,6,7,8,9,10,11,12,13,14,15,16,17,18,19,20,21,22,23,24,25,26,27,28,29,30,31,32,33,34,35,36,37],"compare_id":[38],"type":"cluster"},{"focus_id":[38],"compare_id":[0,1,2,3,4,5,6,7,8,9,10,11,12,13,14,15,16,17,18,19,20,21,22,23,24,25,26,27,28,29,30,31,32,33,34,35,36,37],"type":"outlier"}],"sentences":[{"focus_id":[0,1,2,3,4,5,6,7,8,9,10,11,12,13,14,15,16,17,18,19,20,21,22,23,24,25,26,27,28,29,30,31,32,33,34,35,36,37],"compare_id":[38],"type":"cluster","sentence":"cluster"},{"focus_id":[38],"compare_id":[0,1,2,3,4,5,6,7,8,9,10,11,12,13,14,15,16,17,18,19,20,21,22,23,24,25,26,27,28,29,30,31,32,33,34,35,36,37],"type":"outlier","sentence":"outlier"}],"data":{"title":"The Relation of Steel Production and Oil Consumption","unit":"billion","data_array":[{"q0":2.6876267864178245,"q1":4.761294083349935,"c0":0,"id":0},{"q0":3.1595964847105056,"q1":5.237795781842498,"c0":0,"id":1},{"q0":3.416563303024675,"q1":4.5571214311388974,"c0":0,"id":2},{"q0":4.034981212188149,"q1":5.236164944753992,"c0":0,"id":3},{"q0":2.9298493746098013,"q1":4.7241491251869165,"c0":0,"id":4},{"q0":3.613935414197502,"q1":4.515005821119578,"c0":0,"id":5},{"q0":2.683042825743492,"q1":4.626125807669247,"c0":0,"id":6},{"q0":2.8478135722627766,"q1":4.973049647274399,"c0":0,"id":7},{"q0":3.155370336326222,"q1":4.5377096896097395,"c0":0,"id":8},{"q0":3.2145058223210063,"q1":4.509740162599902,"c0":0,"id":9},{"q0":3.516306995511236,"q1":4.791870462849262,"c0":0,"id":10},{"q0":3.587495788804072,"q1":5.446609076375865,"c0":0,"id":11},{"q0":3.1909028883093775,"q1":4.605565324206105,"c0":0,"id":12},{"q0":3.0903382832025317,"q1":4.537401399258636,"c0":0,"id":13},{"q0":3.8074626424991593,"q1":5.556302426729085,"c0":0,"id":14},{"q0":3.334910428898383,"q1":4.745567263459799,"c0":0,"id":15},{"q0":3.287822430770727,"q1":4.6087124585551775,"c0":0,"id":16},{"q0":2.9616813037390513,"q1":4.525454655784264,"c0":0,"id":17},{"q0":2.7967040035561017,"q1":4.5326208965077335,"c0":0,"id":18},{"q0":3.3936863403432542,"q1":4.590090716537627,"c0":0,"id":19},{"q0":4.04452097770847,"q1":4.525098323882561,"c0":0,"id":20},{"q0":3.468561409046043,"q1":5.543350905225916,"c0":0,"id":21},{"q0":3.1991186938965543,"q1":4.517041267117841,"c0":0,"id":22},{"q0":3.747853828435077,"q1":4.656654165308614,"c0":0,"id":23},{"q0":3.2334273702532372,"q1":4.504846735161294,"c0":0,"id":24},{"q0":2.620140889375682,"q1":4.59907433859495,"c0":0,"id":25},{"q0":3.0934818779257625,"q1":4.509220206999577,"c0":0,"id":26},{"q0":3.3574337832340344,"q1":4.780291305867983,"c0":0,"id":27},{"q0":2.8657928949532185,"q1":4.60899242169043,"c0":0,"id":28},{"q0":2.7835911271681932,"q1":5.144725306825209,"c0":0,"id":29},{"q0":2.7085358811907776,"q1":4.786855293949743,"c0":0,"id":30},{"q0":3.1801951920676856,"q1":4.5006347615297475,"c0":0,"id":31},{"q0":3.674924774178438,"q1":5.0129260124974095,"c0":0,"id":32},{"q0":3.309398067777516,"q1":5.009777528085124,"c0":0,"id":33},{"q0":3.2004564712491566,"q1":5.074182269120172,"c0":0,"id":34},{"q0":3.29180694671917,"q1":4.847843334830342,"c0":0,"id":35},{"q0":4.21944055491862,"q1":4.8856848643034105,"c0":0,"id":36},{"q0":3.3255303253949644,"q1":4.5785336025543035,"c0":0,"id":37},{"q0":5.3859464051494985,"q1":8.487084116208695,"c0":0,"id":38}],"co":["Japan"],"type":"cqq","color":["#fb8072"],"vis_type":"load_scatter_plot","major_name":"q0","second_name":"q1","major_dim":"q0","second_dim":"q1","unit1":"Steel Production / Million Tons","unit2":"Oil Consumption / Billion Barrels","svg_string":"\n          <h5 id=\"chart-title\" class=\"text-center mb-0\"></h5>\n          <svg id=\"mySvg\" viewBox=\"0 0 800 660\" preserveAspectRatio=\"xMidYMid meet\" height=\"776\" width=\"1002.25\">\n            <defs>\n            <filter id=\"blue-shadow\">\n            <feDropShadow dx=\"3\" dy=\"3\" stdDeviation=\"3\" flood-color=\"#0080e0\" flood-opacity=\"50%\"></feDropShadow>\n            </filter>\n            </defs>\n\n            <defs>\n            <filter id=\"red-shadow\">\n            <feDropShadow dx=\"3\" dy=\"3\" stdDeviation=\"3\" flood-color=\"#fa1919\" flood-opacity=\"50%\"></feDropShadow>\n            </filter>\n            </defs>\n\n            <defs>\n            <filter id=\"ordinary-shadow\">\n            <feDropShadow dx=\"2.5\" dy=\"3\" stdDeviation=\"1\" flood-color=\"grey\" flood-opacity=\"50%\"></feDropShadow>\n            </filter>\n            </defs>\n          <g transform=\"translate(80,66)\"><g class=\"brush\"></g><g class=\"axis axis--x\" transform=\"translate(0,528)\" fill=\"none\" font-size=\"10\" font-family=\"sans-serif\" text-anchor=\"middle\"><path class=\"domain\" stroke=\"#000\" d=\"M0.5,6V0.5H640.5V6\"></path><g class=\"tick\" opacity=\"1\" transform=\"translate(51.5,0)\"><line stroke=\"#000\" y2=\"6\"></line><text fill=\"#000\" y=\"9\" dy=\"0.71em\">2.0</text></g><g class=\"tick\" opacity=\"1\" transform=\"translate(118.5,0)\"><line stroke=\"#000\" y2=\"6\"></line><text fill=\"#000\" y=\"9\" dy=\"0.71em\">2.5</text></g><g class=\"tick\" opacity=\"1\" transform=\"translate(185.5,0)\"><line stroke=\"#000\" y2=\"6\"></line><text fill=\"#000\" y=\"9\" dy=\"0.71em\">3.0</text></g><g class=\"tick\" opacity=\"1\" transform=\"translate(252.5,0)\"><line stroke=\"#000\" y2=\"6\"></line><text fill=\"#000\" y=\"9\" dy=\"0.71em\">3.5</text></g><g class=\"tick\" opacity=\"1\" transform=\"translate(320.5,0)\"><line stroke=\"#000\" y2=\"6\"></line><text fill=\"#000\" y=\"9\" dy=\"0.71em\">4.0</text></g><g class=\"tick\" opacity=\"1\" transform=\"translate(387.5,0)\"><line stroke=\"#000\" y2=\"6\"></line><text fill=\"#000\" y=\"9\" dy=\"0.71em\">4.5</text></g><g class=\"tick\" opacity=\"1\" transform=\"translate(454.5,0)\"><line stroke=\"#000\" y2=\"6\"></line><text fill=\"#000\" y=\"9\" dy=\"0.71em\">5.0</text></g><g class=\"tick\" opacity=\"1\" transform=\"translate(521.5,0)\"><line stroke=\"#000\" y2=\"6\"></line><text fill=\"#000\" y=\"9\" dy=\"0.71em\">5.5</text></g><g class=\"tick\" opacity=\"1\" transform=\"translate(588.5,0)\"><line stroke=\"#000\" y2=\"6\"></line><text fill=\"#000\" y=\"9\" dy=\"0.71em\">6.0</text></g><text transform=\"translate(640,0)\" dy=\"-0.2rem\" text-anchor=\"end\" class=\"text-truncate\" font-size=\"12px\" style=\"stroke: black;\">Steel Production / Million Tons</text></g><g class=\"axis axis--y\" fill=\"none\" font-size=\"10\" font-family=\"sans-serif\" text-anchor=\"end\"><path class=\"domain\" stroke=\"#000\" d=\"M-6,528.5H0.5V0.5H-6\"></path><g class=\"tick\" opacity=\"1\" transform=\"translate(0,484.5)\"><line stroke=\"#000\" x2=\"-6\"></line><text fill=\"#000\" x=\"-9\" dy=\"0.32em\">4.0</text></g><g class=\"tick\" opacity=\"1\" transform=\"translate(0,440.5)\"><line stroke=\"#000\" x2=\"-6\"></line><text fill=\"#000\" x=\"-9\" dy=\"0.32em\">4.5</text></g><g class=\"tick\" opacity=\"1\" transform=\"translate(0,396.5)\"><line stroke=\"#000\" x2=\"-6\"></line><text fill=\"#000\" x=\"-9\" dy=\"0.32em\">5.0</text></g><g class=\"tick\" opacity=\"1\" transform=\"translate(0,352.5)\"><line stroke=\"#000\" x2=\"-6\"></line><text fill=\"#000\" x=\"-9\" dy=\"0.32em\">5.5</text></g><g class=\"tick\" opacity=\"1\" transform=\"translate(0,308.5)\"><line stroke=\"#000\" x2=\"-6\"></line><text fill=\"#000\" x=\"-9\" dy=\"0.32em\">6.0</text></g><g class=\"tick\" opacity=\"1\" transform=\"translate(0,263.5)\"><line stroke=\"#000\" x2=\"-6\"></line><text fill=\"#000\" x=\"-9\" dy=\"0.32em\">6.5</text></g><g class=\"tick\" opacity=\"1\" transform=\"translate(0,219.5)\"><line stroke=\"#000\" x2=\"-6\"></line><text fill=\"#000\" x=\"-9\" dy=\"0.32em\">7.0</text></g><g class=\"tick\" opacity=\"1\" transform=\"translate(0,175.5)\"><line stroke=\"#000\" x2=\"-6\"></line><text fill=\"#000\" x=\"-9\" dy=\"0.32em\">7.5</text></g><g class=\"tick\" opacity=\"1\" transform=\"translate(0,131.5)\"><line stroke=\"#000\" x2=\"-6\"></line><text fill=\"#000\" x=\"-9\" dy=\"0.32em\">8.0</text></g><g class=\"tick\" opacity=\"1\" transform=\"translate(0,87.5)\"><line stroke=\"#000\" x2=\"-6\"></line><text fill=\"#000\" x=\"-9\" dy=\"0.32em\">8.5</text></g><g class=\"tick\" opacity=\"1\" transform=\"translate(0,43.5)\"><line stroke=\"#000\" x2=\"-6\"></line><text fill=\"#000\" x=\"-9\" dy=\"0.32em\">9.0</text></g><text transform=\"rotate(-90)\" y=\"6\" dy=\"0.71em\" text-anchor=\"end\" font-size=\"12px\" style=\"stroke: black;\">Oil Consumption / Billion Barrels</text></g><circle class=\"circle elements ordinary\" id=\"0\" q1=\"4.761294083349935\" q0=\"2.6876267864178245\" cx=\"143\" cy=\"417\" r=\"0.5vh\" alpha=\"0.5\"></circle><circle class=\"circle elements ordinary\" id=\"1\" q1=\"5.237795781842498\" q0=\"3.1595964847105056\" cx=\"207\" cy=\"375\" r=\"0.5vh\" alpha=\"0.5\"></circle><circle class=\"circle elements ordinary\" id=\"2\" q1=\"4.5571214311388974\" q0=\"3.416563303024675\" cx=\"241\" cy=\"435\" r=\"0.5vh\" alpha=\"0.5\"></circle><circle class=\"circle elements ordinary\" id=\"3\" q1=\"5.236164944753992\" q0=\"4.034981212188149\" cx=\"324\" cy=\"375\" r=\"0.5vh\" alpha=\"0.5\"></circle><circle class=\"circle elements ordinary\" id=\"4\" q1=\"4.7241491251869165\" q0=\"2.9298493746098013\" cx=\"176\" cy=\"420\" r=\"0.5vh\" alpha=\"0.5\"></circle><circle class=\"circle elements ordinary\" id=\"5\" q1=\"4.515005821119578\" q0=\"3.613935414197502\" cx=\"268\" cy=\"439\" r=\"0.5vh\" alpha=\"0.5\"></circle><circle class=\"circle elements ordinary\" id=\"6\" q1=\"4.626125807669247\" q0=\"2.683042825743492\" cx=\"143\" cy=\"429\" r=\"0.5vh\" alpha=\"0.5\"></circle><circle class=\"circle elements ordinary\" id=\"7\" q1=\"4.973049647274399\" q0=\"2.8478135722627766\" cx=\"165\" cy=\"398\" r=\"0.5vh\" alpha=\"0.5\"></circle><circle class=\"circle elements ordinary\" id=\"8\" q1=\"4.5377096896097395\" q0=\"3.155370336326222\" cx=\"206\" cy=\"437\" r=\"0.5vh\" alpha=\"0.5\"></circle><circle class=\"circle elements ordinary\" id=\"9\" q1=\"4.509740162599902\" q0=\"3.2145058223210063\" cx=\"214\" cy=\"439\" r=\"0.5vh\" alpha=\"0.5\"></circle><circle class=\"circle elements ordinary\" id=\"10\" q1=\"4.791870462849262\" q0=\"3.516306995511236\" cx=\"255\" cy=\"414\" r=\"0.5vh\" alpha=\"0.5\"></circle><circle class=\"circle elements ordinary\" id=\"11\" q1=\"5.446609076375865\" q0=\"3.587495788804072\" cx=\"264\" cy=\"356\" r=\"0.5vh\" alpha=\"0.5\"></circle><circle class=\"circle elements ordinary\" id=\"12\" q1=\"4.605565324206105\" q0=\"3.1909028883093775\" cx=\"211\" cy=\"431\" r=\"0.5vh\" alpha=\"0.5\"></circle><circle class=\"circle elements ordinary\" id=\"13\" q1=\"4.537401399258636\" q0=\"3.0903382832025317\" cx=\"197\" cy=\"437\" r=\"0.5vh\" alpha=\"0.5\"></circle><circle class=\"circle elements ordinary\" id=\"14\" q1=\"5.556302426729085\" q0=\"3.8074626424991593\" cx=\"294\" cy=\"347\" r=\"0.5vh\" alpha=\"0.5\"></circle><circle class=\"circle elements ordinary\" id=\"15\" q1=\"4.745567263459799\" q0=\"3.334910428898383\" cx=\"230\" cy=\"418\" r=\"0.5vh\" alpha=\"0.5\"></circle><circle class=\"circle elements ordinary\" id=\"16\" q1=\"4.6087124585551775\" q0=\"3.287822430770727\" cx=\"224\" cy=\"430\" r=\"0.5vh\" alpha=\"0.5\"></circle><circle class=\"circle elements ordinary\" id=\"17\" q1=\"4.525454655784264\" q0=\"2.9616813037390513\" cx=\"180\" cy=\"438\" r=\"0.5vh\" alpha=\"0.5\"></circle><circle class=\"circle elements ordinary\" id=\"18\" q1=\"4.5326208965077335\" q0=\"2.7967040035561017\" cx=\"158\" cy=\"437\" r=\"0.5vh\" alpha=\"0.5\"></circle><circle class=\"circle elements ordinary\" id=\"19\" q1=\"4.590090716537627\" q0=\"3.3936863403432542\" cx=\"238\" cy=\"432\" r=\"0.5vh\" alpha=\"0.5\"></circle><circle class=\"circle elements ordinary\" id=\"20\" q1=\"4.525098323882561\" q0=\"4.04452097770847\" cx=\"326\" cy=\"438\" r=\"0.5vh\" alpha=\"0.5\"></circle><circle class=\"circle elements ordinary\" id=\"21\" q1=\"5.543350905225916\" q0=\"3.468561409046043\" cx=\"248\" cy=\"348\" r=\"0.5vh\" alpha=\"0.5\"></circle><circle class=\"circle elements ordinary\" id=\"22\" q1=\"4.517041267117841\" q0=\"3.1991186938965543\" cx=\"212\" cy=\"438\" r=\"0.5vh\" alpha=\"0.5\"></circle><circle class=\"circle elements ordinary\" id=\"23\" q1=\"4.656654165308614\" q0=\"3.747853828435077\" cx=\"286\" cy=\"426\" r=\"0.5vh\" alpha=\"0.5\"></circle><circle class=\"circle elements ordinary\" id=\"24\" q1=\"4.504846735161294\" q0=\"3.2334273702532372\" cx=\"217\" cy=\"439\" r=\"0.5vh\" alpha=\"0.5\"></circle><circle class=\"circle elements ordinary\" id=\"25\" q1=\"4.59907433859495\" q0=\"2.620140889375682\" cx=\"134\" cy=\"431\" r=\"0.5vh\" alpha=\"0.5\"></circle><circle class=\"circle elements ordinary\" id=\"26\" q1=\"4.509220206999577\" q0=\"3.0934818779257625\" cx=\"198\" cy=\"439\" r=\"0.5vh\" alpha=\"0.5\"></circle><circle class=\"circle elements ordinary\" id=\"27\" q1=\"4.780291305867983\" q0=\"3.3574337832340344\" cx=\"233\" cy=\"415\" r=\"0.5vh\" alpha=\"0.5\"></circle><circle class=\"circle elements ordinary\" id=\"28\" q1=\"4.60899242169043\" q0=\"2.8657928949532185\" cx=\"167\" cy=\"430\" r=\"0.5vh\" alpha=\"0.5\"></circle><circle class=\"circle elements ordinary\" id=\"29\" q1=\"5.144725306825209\" q0=\"2.7835911271681932\" cx=\"156\" cy=\"383\" r=\"0.5vh\" alpha=\"0.5\"></circle><circle class=\"circle elements ordinary\" id=\"30\" q1=\"4.786855293949743\" q0=\"2.7085358811907776\" cx=\"146\" cy=\"415\" r=\"0.5vh\" alpha=\"0.5\"></circle><circle class=\"circle elements ordinary\" id=\"31\" q1=\"4.5006347615297475\" q0=\"3.1801951920676856\" cx=\"209\" cy=\"440\" r=\"0.5vh\" alpha=\"0.5\"></circle><circle class=\"circle elements ordinary\" id=\"32\" q1=\"5.0129260124974095\" q0=\"3.674924774178438\" cx=\"276\" cy=\"395\" r=\"0.5vh\" alpha=\"0.5\"></circle><circle class=\"circle elements ordinary\" id=\"33\" q1=\"5.009777528085124\" q0=\"3.309398067777516\" cx=\"227\" cy=\"395\" r=\"0.5vh\" alpha=\"0.5\"></circle><circle class=\"circle elements ordinary\" id=\"34\" q1=\"5.074182269120172\" q0=\"3.2004564712491566\" cx=\"212\" cy=\"389\" r=\"0.5vh\" alpha=\"0.5\"></circle><circle class=\"circle elements ordinary\" id=\"35\" q1=\"4.847843334830342\" q0=\"3.29180694671917\" cx=\"224\" cy=\"409\" r=\"0.5vh\" alpha=\"0.5\"></circle><circle class=\"circle elements ordinary\" id=\"36\" q1=\"4.8856848643034105\" q0=\"4.21944055491862\" cx=\"349\" cy=\"406\" r=\"0.5vh\" alpha=\"0.5\"></circle><circle class=\"circle elements ordinary\" id=\"37\" q1=\"4.5785336025543035\" q0=\"3.3255303253949644\" cx=\"229\" cy=\"433\" r=\"0.5vh\" alpha=\"0.5\"></circle><circle class=\"circle elements ordinary\" id=\"38\" q1=\"8.487084116208695\" q0=\"5.3859464051494985\" cx=\"506\" cy=\"88\" r=\"0.5vh\" alpha=\"0.5\"></circle><text class=\"title\" text-anchor=\"middle\" font-size=\"23.759999999999998\" x=\"320\" y=\"-31.68\">The Relation of Steel Production and Oil Consumption</text></g></svg>\n\n        "}}