{"user_name":"cqq","total_number":"0","pre_gen_focus":[{"focus_id":[0,1,2,3,4,5,6,7,8,9,10,11,12,13,14,15,16,17,18,19,20,21,22,23,24,25,26,27,28,29,30,31,32,33,34,35],"compare_id":[36,37,38],"type":"cluster"},{"focus_id":[36,37,38],"compare_id":[0,1,2,3,4,5,6,7,8,9,10,11,12,13,14,15,16,17,18,19,20,21,22,23,24,25,26,27,28,29,30,31,32,33,34,35],"type":"outlier"}],"sentences":[{"focus_id":[0,1,2,3,4,5,6,7,8,9,10,11,12,13,14,15,16,17,18,19,20,21,22,23,24,25,26,27,28,29,30,31,32,33,34,35],"compare_id":[36,37,38],"type":"cluster","sentence":"cluster"},{"focus_id":[36,37,38],"compare_id":[0,1,2,3,4,5,6,7,8,9,10,11,12,13,14,15,16,17,18,19,20,21,22,23,24,25,26,27,28,29,30,31,32,33,34,35],"type":"outlier","sentence":"outlier"}],"data":{"title":"The Relation of GDP Growth and Electric Energy Consumption","unit":"billion","data_array":[{"q0":2.6281801964972376,"q1":3.720344591177024,"c0":0,"id":0},{"q0":5.2515374216881545,"q1":4.783115639536479,"c0":0,"id":1},{"q0":5.414402924855708,"q1":5.224072819351714,"c0":0,"id":2},{"q0":4.172123710533536,"q1":3.81755590012171,"c0":0,"id":3},{"q0":4.364150090199407,"q1":3.690408779182843,"c0":0,"id":4},{"q0":2.5104570699727145,"q1":4.037006133909572,"c0":0,"id":5},{"q0":4.176960630844739,"q1":3.748803698827948,"c0":0,"id":6},{"q0":4.2029132422706645,"q1":4.0236221036462165,"c0":0,"id":7},{"q0":3.5367599038796174,"q1":4.7461712213974625,"c0":0,"id":8},{"q0":4.711947966307145,"q1":4.136524065904676,"c0":0,"id":9},{"q0":4.973954017327079,"q1":4.6139125238757615,"c0":0,"id":10},{"q0":4.076384209067479,"q1":4.337748796497056,"c0":0,"id":11},{"q0":4.292685895115195,"q1":3.937518871577751,"c0":0,"id":12},{"q0":5.582829841553634,"q1":3.824319695801484,"c0":0,"id":13},{"q0":3.8196463719563845,"q1":3.7923349631969945,"c0":0,"id":14},{"q0":4.2353718221295935,"q1":3.7599641781475297,"c0":0,"id":15},{"q0":3.349811006058131,"q1":4.019067328800751,"c0":0,"id":16},{"q0":3.6438765325193865,"q1":3.7949904112795023,"c0":0,"id":17},{"q0":5.2135560836465515,"q1":3.7407144025662316,"c0":0,"id":18},{"q0":4.5201974017221564,"q1":3.753696834674839,"c0":0,"id":19},{"q0":4.452430277661102,"q1":4.328435510507066,"c0":0,"id":20},{"q0":4.390189960266108,"q1":3.7677416302178224,"c0":0,"id":21},{"q0":4.366324303559449,"q1":5.597936582793424,"c0":0,"id":22},{"q0":3.622439671018245,"q1":4.672383566695684,"c0":0,"id":23},{"q0":4.573336960642291,"q1":4.862391460271619,"c0":0,"id":24},{"q0":4.894739368961402,"q1":4.250999623118424,"c0":0,"id":25},{"q0":3.6610179228167263,"q1":5.2403837043676695,"c0":0,"id":26},{"q0":3.6139451299718397,"q1":4.533934159931141,"c0":0,"id":27},{"q0":4.121473318981082,"q1":4.4905191321398625,"c0":0,"id":28},{"q0":3.479059122226192,"q1":3.7599712503686327,"c0":0,"id":29},{"q0":4.822388776033089,"q1":4.246775340392741,"c0":0,"id":30},{"q0":2.575469243084927,"q1":4.305387853852605,"c0":0,"id":31},{"q0":4.684465504566199,"q1":3.8487675034790763,"c0":0,"id":32},{"q0":4.790116767502517,"q1":4.430458340474316,"c0":0,"id":33},{"q0":3.345696247313902,"q1":3.9784537216299487,"c0":0,"id":34},{"q0":3.7122141676676916,"q1":4.467707304836377,"c0":0,"id":35},{"q0":7.594648743623917,"q1":8.997105545336337,"c0":0,"id":36},{"q0":7.420517493604358,"q1":8.853442187298947,"c0":0,"id":37},{"q0":7.629205954613084,"q1":8.89640946842561,"c0":0,"id":38}],"co":["Japan"],"type":"cqq","color":["#fb8072"],"vis_type":"load_scatter_plot","major_name":"q0","second_name":"q1","major_dim":"q0","second_dim":"q1","unit1":"GDP Growth / %","unit2":"Electric Energy Consumption / TWh","svg_string":"\n          <h5 id=\"chart-title\" class=\"text-center mb-0\"></h5>\n          <svg id=\"mySvg\" viewBox=\"0 0 800 660\" preserveAspectRatio=\"xMidYMid meet\" height=\"736.8000000000001\" width=\"1002.25\">\n            <defs>\n            <filter id=\"blue-shadow\">\n            <feDropShadow dx=\"3\" dy=\"3\" stdDeviation=\"3\" flood-color=\"#0080e0\" flood-opacity=\"50%\"></feDropShadow>\n            </filter>\n            </defs>\n\n            <defs>\n            <filter id=\"red-shadow\">\n            <feDropShadow dx=\"3\" dy=\"3\" stdDeviation=\"3\" flood-color=\"#fa1919\" flood-opacity=\"50%\"></feDropShadow>\n            </filter>\n            </defs>\n\n            <defs>\n            <filter id=\"ordinary-shadow\">\n            <feDropShadow dx=\"2.5\" dy=\"3\" stdDeviation=\"1\" flood-color=\"grey\" flood-opacity=\"50%\"></feDropShadow>\n            </filter>\n            </defs>\n          <g transform=\"translate(80,66)\"><g class=\"brush\"></g><g class=\"axis axis--x\" transform=\"translate(0,528)\" fill=\"none\" font-size=\"10\" font-family=\"sans-serif\" text-anchor=\"middle\"><path class=\"domain\" stroke=\"#000\" d=\"M0.5,6V0.5H640.5V6\"></path><g class=\"tick\" opacity=\"1\" transform=\"translate(44.5,0)\"><line stroke=\"#000\" y2=\"6\"></line><text fill=\"#000\" y=\"9\" dy=\"0.71em\">2</text></g><g class=\"tick\" opacity=\"1\" transform=\"translate(134.5,0)\"><line stroke=\"#000\" y2=\"6\"></line><text fill=\"#000\" y=\"9\" dy=\"0.71em\">3</text></g><g class=\"tick\" opacity=\"1\" transform=\"translate(224.5,0)\"><line stroke=\"#000\" y2=\"6\"></line><text fill=\"#000\" y=\"9\" dy=\"0.71em\">4</text></g><g class=\"tick\" opacity=\"1\" transform=\"translate(314.5,0)\"><line stroke=\"#000\" y2=\"6\"></line><text fill=\"#000\" y=\"9\" dy=\"0.71em\">5</text></g><g class=\"tick\" opacity=\"1\" transform=\"translate(404.5,0)\"><line stroke=\"#000\" y2=\"6\"></line><text fill=\"#000\" y=\"9\" dy=\"0.71em\">6</text></g><g class=\"tick\" opacity=\"1\" transform=\"translate(494.5,0)\"><line stroke=\"#000\" y2=\"6\"></line><text fill=\"#000\" y=\"9\" dy=\"0.71em\">7</text></g><g class=\"tick\" opacity=\"1\" transform=\"translate(583.5,0)\"><line stroke=\"#000\" y2=\"6\"></line><text fill=\"#000\" y=\"9\" dy=\"0.71em\">8</text></g><text transform=\"translate(640,0)\" dy=\"-0.2rem\" text-anchor=\"end\" class=\"text-truncate\" font-size=\"12px\" style=\"stroke: black;\">GDP Growth / %</text></g><g class=\"axis axis--y\" fill=\"none\" font-size=\"10\" font-family=\"sans-serif\" text-anchor=\"end\"><path class=\"domain\" stroke=\"#000\" d=\"M-6,528.5H0.5V0.5H-6\"></path><g class=\"tick\" opacity=\"1\" transform=\"translate(0,506.5)\"><line stroke=\"#000\" x2=\"-6\"></line><text fill=\"#000\" x=\"-9\" dy=\"0.32em\">3</text></g><g class=\"tick\" opacity=\"1\" transform=\"translate(0,433.5)\"><line stroke=\"#000\" x2=\"-6\"></line><text fill=\"#000\" x=\"-9\" dy=\"0.32em\">4</text></g><g class=\"tick\" opacity=\"1\" transform=\"translate(0,361.5)\"><line stroke=\"#000\" x2=\"-6\"></line><text fill=\"#000\" x=\"-9\" dy=\"0.32em\">5</text></g><g class=\"tick\" opacity=\"1\" transform=\"translate(0,289.5)\"><line stroke=\"#000\" x2=\"-6\"></line><text fill=\"#000\" x=\"-9\" dy=\"0.32em\">6</text></g><g class=\"tick\" opacity=\"1\" transform=\"translate(0,217.5)\"><line stroke=\"#000\" x2=\"-6\"></line><text fill=\"#000\" x=\"-9\" dy=\"0.32em\">7</text></g><g class=\"tick\" opacity=\"1\" transform=\"translate(0,144.5)\"><line stroke=\"#000\" x2=\"-6\"></line><text fill=\"#000\" x=\"-9\" dy=\"0.32em\">8</text></g><g class=\"tick\" opacity=\"1\" transform=\"translate(0,72.5)\"><line stroke=\"#000\" x2=\"-6\"></line><text fill=\"#000\" x=\"-9\" dy=\"0.32em\">9</text></g><text transform=\"rotate(-90)\" y=\"6\" dy=\"0.71em\" text-anchor=\"end\" font-size=\"12px\" style=\"stroke: black;\">Electric Energy Consumption / TWh</text></g><circle class=\"circle elements ordinary\" id=\"0\" q1=\"3.720344591177024\" q0=\"2.6281801964972376\" cx=\"100\" cy=\"454\" r=\"0.5vh\" alpha=\"0.5\"></circle><circle class=\"circle elements ordinary\" id=\"1\" q1=\"4.783115639536479\" q0=\"5.2515374216881545\" cx=\"336\" cy=\"377\" r=\"0.5vh\" alpha=\"0.5\"></circle><circle class=\"circle elements ordinary\" id=\"2\" q1=\"5.224072819351714\" q0=\"5.414402924855708\" cx=\"351\" cy=\"345\" r=\"0.5vh\" alpha=\"0.5\"></circle><circle class=\"circle elements ordinary\" id=\"3\" q1=\"3.81755590012171\" q0=\"4.172123710533536\" cx=\"239\" cy=\"447\" r=\"0.5vh\" alpha=\"0.5\"></circle><circle class=\"circle elements ordinary\" id=\"4\" q1=\"3.690408779182843\" q0=\"4.364150090199407\" cx=\"257\" cy=\"456\" r=\"0.5vh\" alpha=\"0.5\"></circle><circle class=\"circle elements ordinary\" id=\"5\" q1=\"4.037006133909572\" q0=\"2.5104570699727145\" cx=\"90\" cy=\"431\" r=\"0.5vh\" alpha=\"0.5\"></circle><circle class=\"circle elements ordinary\" id=\"6\" q1=\"3.748803698827948\" q0=\"4.176960630844739\" cx=\"240\" cy=\"452\" r=\"0.5vh\" alpha=\"0.5\"></circle><circle class=\"circle elements ordinary\" id=\"7\" q1=\"4.0236221036462165\" q0=\"4.2029132422706645\" cx=\"242\" cy=\"432\" r=\"0.5vh\" alpha=\"0.5\"></circle><circle class=\"circle elements ordinary\" id=\"8\" q1=\"4.7461712213974625\" q0=\"3.5367599038796174\" cx=\"182\" cy=\"379\" r=\"0.5vh\" alpha=\"0.5\"></circle><circle class=\"circle elements ordinary\" id=\"9\" q1=\"4.136524065904676\" q0=\"4.711947966307145\" cx=\"288\" cy=\"424\" r=\"0.5vh\" alpha=\"0.5\"></circle><circle class=\"circle elements ordinary\" id=\"10\" q1=\"4.6139125238757615\" q0=\"4.973954017327079\" cx=\"311\" cy=\"389\" r=\"0.5vh\" alpha=\"0.5\"></circle><circle class=\"circle elements ordinary\" id=\"11\" q1=\"4.337748796497056\" q0=\"4.076384209067479\" cx=\"231\" cy=\"409\" r=\"0.5vh\" alpha=\"0.5\"></circle><circle class=\"circle elements ordinary\" id=\"12\" q1=\"3.937518871577751\" q0=\"4.292685895115195\" cx=\"250\" cy=\"438\" r=\"0.5vh\" alpha=\"0.5\"></circle><circle class=\"circle elements ordinary\" id=\"13\" q1=\"3.824319695801484\" q0=\"5.582829841553634\" cx=\"366\" cy=\"446\" r=\"0.5vh\" alpha=\"0.5\"></circle><circle class=\"circle elements ordinary\" id=\"14\" q1=\"3.7923349631969945\" q0=\"3.8196463719563845\" cx=\"208\" cy=\"448\" r=\"0.5vh\" alpha=\"0.5\"></circle><circle class=\"circle elements ordinary\" id=\"15\" q1=\"3.7599641781475297\" q0=\"4.2353718221295935\" cx=\"245\" cy=\"451\" r=\"0.5vh\" alpha=\"0.5\"></circle><circle class=\"circle elements ordinary\" id=\"16\" q1=\"4.019067328800751\" q0=\"3.349811006058131\" cx=\"165\" cy=\"432\" r=\"0.5vh\" alpha=\"0.5\"></circle><circle class=\"circle elements ordinary\" id=\"17\" q1=\"3.7949904112795023\" q0=\"3.6438765325193865\" cx=\"192\" cy=\"448\" r=\"0.5vh\" alpha=\"0.5\"></circle><circle class=\"circle elements ordinary\" id=\"18\" q1=\"3.7407144025662316\" q0=\"5.2135560836465515\" cx=\"333\" cy=\"452\" r=\"0.5vh\" alpha=\"0.5\"></circle><circle class=\"circle elements ordinary\" id=\"19\" q1=\"3.753696834674839\" q0=\"4.5201974017221564\" cx=\"271\" cy=\"451\" r=\"0.5vh\" alpha=\"0.5\"></circle><circle class=\"circle elements ordinary\" id=\"20\" q1=\"4.328435510507066\" q0=\"4.452430277661102\" cx=\"264\" cy=\"410\" r=\"0.5vh\" alpha=\"0.5\"></circle><circle class=\"circle elements ordinary\" id=\"21\" q1=\"3.7677416302178224\" q0=\"4.390189960266108\" cx=\"259\" cy=\"450\" r=\"0.5vh\" alpha=\"0.5\"></circle><circle class=\"circle elements ordinary\" id=\"22\" q1=\"5.597936582793424\" q0=\"4.366324303559449\" cx=\"257\" cy=\"318\" r=\"0.5vh\" alpha=\"0.5\"></circle><circle class=\"circle elements ordinary\" id=\"23\" q1=\"4.672383566695684\" q0=\"3.622439671018245\" cx=\"190\" cy=\"385\" r=\"0.5vh\" alpha=\"0.5\"></circle><circle class=\"circle elements ordinary\" id=\"24\" q1=\"4.862391460271619\" q0=\"4.573336960642291\" cx=\"275\" cy=\"371\" r=\"0.5vh\" alpha=\"0.5\"></circle><circle class=\"circle elements ordinary\" id=\"25\" q1=\"4.250999623118424\" q0=\"4.894739368961402\" cx=\"304\" cy=\"415\" r=\"0.5vh\" alpha=\"0.5\"></circle><circle class=\"circle elements ordinary\" id=\"26\" q1=\"5.2403837043676695\" q0=\"3.6610179228167263\" cx=\"193\" cy=\"344\" r=\"0.5vh\" alpha=\"0.5\"></circle><circle class=\"circle elements ordinary\" id=\"27\" q1=\"4.533934159931141\" q0=\"3.6139451299718397\" cx=\"189\" cy=\"395\" r=\"0.5vh\" alpha=\"0.5\"></circle><circle class=\"circle elements ordinary\" id=\"28\" q1=\"4.4905191321398625\" q0=\"4.121473318981082\" cx=\"235\" cy=\"398\" r=\"0.5vh\" alpha=\"0.5\"></circle><circle class=\"circle elements ordinary\" id=\"29\" q1=\"3.7599712503686327\" q0=\"3.479059122226192\" cx=\"177\" cy=\"451\" r=\"0.5vh\" alpha=\"0.5\"></circle><circle class=\"circle elements ordinary\" id=\"30\" q1=\"4.246775340392741\" q0=\"4.822388776033089\" cx=\"298\" cy=\"416\" r=\"0.5vh\" alpha=\"0.5\"></circle><circle class=\"circle elements ordinary\" id=\"31\" q1=\"4.305387853852605\" q0=\"2.575469243084927\" cx=\"96\" cy=\"411\" r=\"0.5vh\" alpha=\"0.5\"></circle><circle class=\"circle elements ordinary\" id=\"32\" q1=\"3.8487675034790763\" q0=\"4.684465504566199\" cx=\"285\" cy=\"444\" r=\"0.5vh\" alpha=\"0.5\"></circle><circle class=\"circle elements ordinary\" id=\"33\" q1=\"4.430458340474316\" q0=\"4.790116767502517\" cx=\"295\" cy=\"402\" r=\"0.5vh\" alpha=\"0.5\"></circle><circle class=\"circle elements ordinary\" id=\"34\" q1=\"3.9784537216299487\" q0=\"3.345696247313902\" cx=\"165\" cy=\"435\" r=\"0.5vh\" alpha=\"0.5\"></circle><circle class=\"circle elements ordinary\" id=\"35\" q1=\"4.467707304836377\" q0=\"3.7122141676676916\" cx=\"198\" cy=\"400\" r=\"0.5vh\" alpha=\"0.5\"></circle><circle class=\"circle elements ordinary\" id=\"36\" q1=\"8.997105545336337\" q0=\"7.594648743623917\" cx=\"547\" cy=\"72\" r=\"0.5vh\" alpha=\"0.5\"></circle><circle class=\"circle elements ordinary\" id=\"37\" q1=\"8.853442187298947\" q0=\"7.420517493604358\" cx=\"531\" cy=\"83\" r=\"0.5vh\" alpha=\"0.5\"></circle><circle class=\"circle elements ordinary\" id=\"38\" q1=\"8.89640946842561\" q0=\"7.629205954613084\" cx=\"550\" cy=\"80\" r=\"0.5vh\" alpha=\"0.5\"></circle><text class=\"title\" text-anchor=\"middle\" font-size=\"23.759999999999998\" x=\"320\" y=\"-31.68\">The Relation of GDP Growth and Electric Energy Consumption</text></g></svg>\n\n        "}}