{"user_name":"cqq","total_number":"0","pre_gen_focus":[{"focus_id":[0,1,2,3,4,5,6,7,8,9,10,11,12,13,14,15,16,17,18,19,20,21],"compare_id":[22,23],"type":"cluster"},{"focus_id":[22,23],"compare_id":[0,1,2,3,4,5,6,7,8,9,10,11,12,13,14,15,16,17,18,19,20,21],"type":"outlier"}],"sentences":[{"focus_id":[0,1,2,3,4,5,6,7,8,9,10,11,12,13,14,15,16,17,18,19,20,21],"compare_id":[22,23],"type":"cluster","sentence":"cluster"},{"focus_id":[22,23],"compare_id":[0,1,2,3,4,5,6,7,8,9,10,11,12,13,14,15,16,17,18,19,20,21],"type":"outlier","sentence":"outlier"}],"data":{"title":"The Relation of Steel Production and Oil Consumption","unit":"billion","data_array":[{"q0":4.960595443791922,"q1":6.799812038219806,"c0":0,"id":0},{"q0":3.80646241915317,"q1":6.265696240985793,"c0":0,"id":1},{"q0":4.464627992702766,"q1":6.480543475957777,"c0":0,"id":2},{"q0":4.022644761376363,"q1":6.512839310516761,"c0":0,"id":3},{"q0":4.68266865643091,"q1":6.711922440603506,"c0":0,"id":4},{"q0":4.2441718941742606,"q1":7.260196430155673,"c0":0,"id":5},{"q0":3.6620168214297766,"q1":6.589252120035625,"c0":0,"id":6},{"q0":4.466324325073305,"q1":6.636779596106568,"c0":0,"id":7},{"q0":4.768154453705823,"q1":6.86906408915566,"c0":0,"id":8},{"q0":3.9345233804473074,"q1":7.082759667191652,"c0":0,"id":9},{"q0":4.116160745099395,"q1":7.032222961440463,"c0":0,"id":10},{"q0":3.4908067729576917,"q1":6.371474880531906,"c0":0,"id":11},{"q0":4.329829908916685,"q1":6.396867939071439,"c0":0,"id":12},{"q0":4.399172483613202,"q1":6.468704865912489,"c0":0,"id":13},{"q0":4.217110790548408,"q1":6.282369815646182,"c0":0,"id":14},{"q0":3.4893809253045553,"q1":6.530777296069941,"c0":0,"id":15},{"q0":3.6811360438309424,"q1":6.809677743283396,"c0":0,"id":16},{"q0":4.724785960511348,"q1":6.491492442395112,"c0":0,"id":17},{"q0":3.8619261199712707,"q1":6.277238723024551,"c0":0,"id":18},{"q0":4.405229136389729,"q1":6.286346181565766,"c0":0,"id":19},{"q0":4.792020900612369,"q1":6.542085354465717,"c0":0,"id":20},{"q0":4.956246755175357,"q1":6.359315393862562,"c0":0,"id":21},{"q0":7.627095364412241,"q1":9.953042182225305,"c0":0,"id":22},{"q0":7.761456973563959,"q1":10.02570897733977,"c0":0,"id":23}],"co":["Japan"],"type":"cqq","color":["#fb8072"],"vis_type":"load_scatter_plot","major_name":"q0","second_name":"q1","major_dim":"q0","second_dim":"q1","unit1":"Steel Production / Million Tons","unit2":"Oil Consumption / Billion Barrels","svg_string":"\n          <h5 id=\"chart-title\" class=\"text-center mb-0\"></h5>\n          <svg id=\"mySvg\" viewBox=\"0 0 800 660\" preserveAspectRatio=\"xMidYMid meet\" height=\"776\" width=\"1002.25\">\n            <defs>\n            <filter id=\"blue-shadow\">\n            <feDropShadow dx=\"3\" dy=\"3\" stdDeviation=\"3\" flood-color=\"#0080e0\" flood-opacity=\"50%\"></feDropShadow>\n            </filter>\n            </defs>\n\n            <defs>\n            <filter id=\"red-shadow\">\n            <feDropShadow dx=\"3\" dy=\"3\" stdDeviation=\"3\" flood-color=\"#fa1919\" flood-opacity=\"50%\"></feDropShadow>\n            </filter>\n            </defs>\n\n            <defs>\n            <filter id=\"ordinary-shadow\">\n            <feDropShadow dx=\"2.5\" dy=\"3\" stdDeviation=\"1\" flood-color=\"grey\" flood-opacity=\"50%\"></feDropShadow>\n            </filter>\n            </defs>\n          <g transform=\"translate(80,66)\"><g class=\"brush\"></g><g class=\"axis axis--x\" transform=\"translate(0,528)\" fill=\"none\" font-size=\"10\" font-family=\"sans-serif\" text-anchor=\"middle\"><path class=\"domain\" stroke=\"#000\" d=\"M0.5,6V0.5H640.5V6\"></path><g class=\"tick\" opacity=\"1\" transform=\"translate(1.5,0)\"><line stroke=\"#000\" y2=\"6\"></line><text fill=\"#000\" y=\"9\" dy=\"0.71em\">2.5</text></g><g class=\"tick\" opacity=\"1\" transform=\"translate(52.5,0)\"><line stroke=\"#000\" y2=\"6\"></line><text fill=\"#000\" y=\"9\" dy=\"0.71em\">3.0</text></g><g class=\"tick\" opacity=\"1\" transform=\"translate(103.5,0)\"><line stroke=\"#000\" y2=\"6\"></line><text fill=\"#000\" y=\"9\" dy=\"0.71em\">3.5</text></g><g class=\"tick\" opacity=\"1\" transform=\"translate(154.5,0)\"><line stroke=\"#000\" y2=\"6\"></line><text fill=\"#000\" y=\"9\" dy=\"0.71em\">4.0</text></g><g class=\"tick\" opacity=\"1\" transform=\"translate(205.5,0)\"><line stroke=\"#000\" y2=\"6\"></line><text fill=\"#000\" y=\"9\" dy=\"0.71em\">4.5</text></g><g class=\"tick\" opacity=\"1\" transform=\"translate(256.5,0)\"><line stroke=\"#000\" y2=\"6\"></line><text fill=\"#000\" y=\"9\" dy=\"0.71em\">5.0</text></g><g class=\"tick\" opacity=\"1\" transform=\"translate(307.5,0)\"><line stroke=\"#000\" y2=\"6\"></line><text fill=\"#000\" y=\"9\" dy=\"0.71em\">5.5</text></g><g class=\"tick\" opacity=\"1\" transform=\"translate(358.5,0)\"><line stroke=\"#000\" y2=\"6\"></line><text fill=\"#000\" y=\"9\" dy=\"0.71em\">6.0</text></g><g class=\"tick\" opacity=\"1\" transform=\"translate(409.5,0)\"><line stroke=\"#000\" y2=\"6\"></line><text fill=\"#000\" y=\"9\" dy=\"0.71em\">6.5</text></g><g class=\"tick\" opacity=\"1\" transform=\"translate(460.5,0)\"><line stroke=\"#000\" y2=\"6\"></line><text fill=\"#000\" y=\"9\" dy=\"0.71em\">7.0</text></g><g class=\"tick\" opacity=\"1\" transform=\"translate(511.5,0)\"><line stroke=\"#000\" y2=\"6\"></line><text fill=\"#000\" y=\"9\" dy=\"0.71em\">7.5</text></g><g class=\"tick\" opacity=\"1\" transform=\"translate(562.5,0)\"><line stroke=\"#000\" y2=\"6\"></line><text fill=\"#000\" y=\"9\" dy=\"0.71em\">8.0</text></g><g class=\"tick\" opacity=\"1\" transform=\"translate(613.5,0)\"><line stroke=\"#000\" y2=\"6\"></line><text fill=\"#000\" y=\"9\" dy=\"0.71em\">8.5</text></g><text transform=\"translate(640,0)\" dy=\"-0.2rem\" text-anchor=\"end\" class=\"text-truncate\" font-size=\"12px\" style=\"stroke: black;\">Steel Production / Million Tons</text></g><g class=\"axis axis--y\" fill=\"none\" font-size=\"10\" font-family=\"sans-serif\" text-anchor=\"end\"><path class=\"domain\" stroke=\"#000\" d=\"M-6,528.5H0.5V0.5H-6\"></path><g class=\"tick\" opacity=\"1\" transform=\"translate(0,507.5)\"><line stroke=\"#000\" x2=\"-6\"></line><text fill=\"#000\" x=\"-9\" dy=\"0.32em\">5.5</text></g><g class=\"tick\" opacity=\"1\" transform=\"translate(0,461.5)\"><line stroke=\"#000\" x2=\"-6\"></line><text fill=\"#000\" x=\"-9\" dy=\"0.32em\">6.0</text></g><g class=\"tick\" opacity=\"1\" transform=\"translate(0,415.5)\"><line stroke=\"#000\" x2=\"-6\"></line><text fill=\"#000\" x=\"-9\" dy=\"0.32em\">6.5</text></g><g class=\"tick\" opacity=\"1\" transform=\"translate(0,369.5)\"><line stroke=\"#000\" x2=\"-6\"></line><text fill=\"#000\" x=\"-9\" dy=\"0.32em\">7.0</text></g><g class=\"tick\" opacity=\"1\" transform=\"translate(0,323.5)\"><line stroke=\"#000\" x2=\"-6\"></line><text fill=\"#000\" x=\"-9\" dy=\"0.32em\">7.5</text></g><g class=\"tick\" opacity=\"1\" transform=\"translate(0,277.5)\"><line stroke=\"#000\" x2=\"-6\"></line><text fill=\"#000\" x=\"-9\" dy=\"0.32em\">8.0</text></g><g class=\"tick\" opacity=\"1\" transform=\"translate(0,232.5)\"><line stroke=\"#000\" x2=\"-6\"></line><text fill=\"#000\" x=\"-9\" dy=\"0.32em\">8.5</text></g><g class=\"tick\" opacity=\"1\" transform=\"translate(0,186.5)\"><line stroke=\"#000\" x2=\"-6\"></line><text fill=\"#000\" x=\"-9\" dy=\"0.32em\">9.0</text></g><g class=\"tick\" opacity=\"1\" transform=\"translate(0,140.5)\"><line stroke=\"#000\" x2=\"-6\"></line><text fill=\"#000\" x=\"-9\" dy=\"0.32em\">9.5</text></g><g class=\"tick\" opacity=\"1\" transform=\"translate(0,94.5)\"><line stroke=\"#000\" x2=\"-6\"></line><text fill=\"#000\" x=\"-9\" dy=\"0.32em\">10.0</text></g><g class=\"tick\" opacity=\"1\" transform=\"translate(0,48.5)\"><line stroke=\"#000\" x2=\"-6\"></line><text fill=\"#000\" x=\"-9\" dy=\"0.32em\">10.5</text></g><g class=\"tick\" opacity=\"1\" transform=\"translate(0,2.5)\"><line stroke=\"#000\" x2=\"-6\"></line><text fill=\"#000\" x=\"-9\" dy=\"0.32em\">11.0</text></g><text transform=\"rotate(-90)\" y=\"6\" dy=\"0.71em\" text-anchor=\"end\" font-size=\"12px\" style=\"stroke: black;\">Oil Consumption / Billion Barrels</text></g><circle class=\"circle elements ordinary\" id=\"0\" q1=\"6.799812038219806\" q0=\"4.960595443791922\" cx=\"252\" cy=\"387\" r=\"0.5vh\" alpha=\"0.5\"></circle><circle class=\"circle elements ordinary\" id=\"1\" q1=\"6.265696240985793\" q0=\"3.80646241915317\" cx=\"134\" cy=\"436\" r=\"0.5vh\" alpha=\"0.5\"></circle><circle class=\"circle elements ordinary\" id=\"2\" q1=\"6.480543475957777\" q0=\"4.464627992702766\" cx=\"202\" cy=\"417\" r=\"0.5vh\" alpha=\"0.5\"></circle><circle class=\"circle elements ordinary\" id=\"3\" q1=\"6.512839310516761\" q0=\"4.022644761376363\" cx=\"156\" cy=\"414\" r=\"0.5vh\" alpha=\"0.5\"></circle><circle class=\"circle elements ordinary\" id=\"4\" q1=\"6.711922440603506\" q0=\"4.68266865643091\" cx=\"224\" cy=\"395\" r=\"0.5vh\" alpha=\"0.5\"></circle><circle class=\"circle elements ordinary\" id=\"5\" q1=\"7.260196430155673\" q0=\"4.2441718941742606\" cx=\"179\" cy=\"345\" r=\"0.5vh\" alpha=\"0.5\"></circle><circle class=\"circle elements ordinary\" id=\"6\" q1=\"6.589252120035625\" q0=\"3.6620168214297766\" cx=\"120\" cy=\"407\" r=\"0.5vh\" alpha=\"0.5\"></circle><circle class=\"circle elements ordinary\" id=\"7\" q1=\"6.636779596106568\" q0=\"4.466324325073305\" cx=\"202\" cy=\"402\" r=\"0.5vh\" alpha=\"0.5\"></circle><circle class=\"circle elements ordinary\" id=\"8\" q1=\"6.86906408915566\" q0=\"4.768154453705823\" cx=\"233\" cy=\"381\" r=\"0.5vh\" alpha=\"0.5\"></circle><circle class=\"circle elements ordinary\" id=\"9\" q1=\"7.082759667191652\" q0=\"3.9345233804473074\" cx=\"147\" cy=\"361\" r=\"0.5vh\" alpha=\"0.5\"></circle><circle class=\"circle elements ordinary\" id=\"10\" q1=\"7.032222961440463\" q0=\"4.116160745099395\" cx=\"166\" cy=\"366\" r=\"0.5vh\" alpha=\"0.5\"></circle><circle class=\"circle elements ordinary\" id=\"11\" q1=\"6.371474880531906\" q0=\"3.4908067729576917\" cx=\"102\" cy=\"427\" r=\"0.5vh\" alpha=\"0.5\"></circle><circle class=\"circle elements ordinary\" id=\"12\" q1=\"6.396867939071439\" q0=\"4.329829908916685\" cx=\"188\" cy=\"424\" r=\"0.5vh\" alpha=\"0.5\"></circle><circle class=\"circle elements ordinary\" id=\"13\" q1=\"6.468704865912489\" q0=\"4.399172483613202\" cx=\"195\" cy=\"418\" r=\"0.5vh\" alpha=\"0.5\"></circle><circle class=\"circle elements ordinary\" id=\"14\" q1=\"6.282369815646182\" q0=\"4.217110790548408\" cx=\"176\" cy=\"435\" r=\"0.5vh\" alpha=\"0.5\"></circle><circle class=\"circle elements ordinary\" id=\"15\" q1=\"6.530777296069941\" q0=\"3.4893809253045553\" cx=\"102\" cy=\"412\" r=\"0.5vh\" alpha=\"0.5\"></circle><circle class=\"circle elements ordinary\" id=\"16\" q1=\"6.809677743283396\" q0=\"3.6811360438309424\" cx=\"122\" cy=\"386\" r=\"0.5vh\" alpha=\"0.5\"></circle><circle class=\"circle elements ordinary\" id=\"17\" q1=\"6.491492442395112\" q0=\"4.724785960511348\" cx=\"228\" cy=\"416\" r=\"0.5vh\" alpha=\"0.5\"></circle><circle class=\"circle elements ordinary\" id=\"18\" q1=\"6.277238723024551\" q0=\"3.8619261199712707\" cx=\"140\" cy=\"435\" r=\"0.5vh\" alpha=\"0.5\"></circle><circle class=\"circle elements ordinary\" id=\"19\" q1=\"6.286346181565766\" q0=\"4.405229136389729\" cx=\"195\" cy=\"434\" r=\"0.5vh\" alpha=\"0.5\"></circle><circle class=\"circle elements ordinary\" id=\"20\" q1=\"6.542085354465717\" q0=\"4.792020900612369\" cx=\"235\" cy=\"411\" r=\"0.5vh\" alpha=\"0.5\"></circle><circle class=\"circle elements ordinary\" id=\"21\" q1=\"6.359315393862562\" q0=\"4.956246755175357\" cx=\"252\" cy=\"428\" r=\"0.5vh\" alpha=\"0.5\"></circle><circle class=\"circle elements ordinary\" id=\"22\" q1=\"9.953042182225305\" q0=\"7.627095364412241\" cx=\"524\" cy=\"98\" r=\"0.5vh\" alpha=\"0.5\"></circle><circle class=\"circle elements ordinary\" id=\"23\" q1=\"10.02570897733977\" q0=\"7.761456973563959\" cx=\"538\" cy=\"92\" r=\"0.5vh\" alpha=\"0.5\"></circle><text class=\"title\" text-anchor=\"middle\" font-size=\"23.759999999999998\" x=\"320\" y=\"-31.68\">The Relation of Steel Production and Oil Consumption</text></g></svg>\n\n        "}}